num,id,prompt,url,width,height,source_site
0,00000d0e-45cb-47b6-9f72-6a481e940d78,"A man waking up in a dark and still room, bathed in cinematic light from behind, casting dramatic shadows across his form. The sky outside is a striking contrast of deep red and vibrant blue, creating a surreal and misty atmosphere. The scene is reminiscent of Mikhail Vrubel's style, with a touch of Philippe Druillet's dynamic energy and Peter Elson's intricate details. The muted color palette enhances the mysterious and ethereal mood, while Gerald Brom's influence adds a sense of otherworldly beauty. The image is rendered with extreme detail, capturing every texture and shadow, and is trending on ArtStation, presented in an 8K resolution with high-quality rendering settings.",https://krea-prod-v1-generations.s3.us-east-1.amazonaws.com/images/00000d0e-45cb-47b6-9f72-6a481e940d78.png,512,512,stablediffusionweb.com
1,00001a8f-993f-4d69-8fd2-f7d69dc1e8ef,"A vibrant family of four is enjoying a sunny day on a luxurious yacht in the crystal-clear waters of the Caribbean Sea. The father and mother, both wearing stylish sunglasses and casual summer attire, are smiling warmly at the camera as they pose with their two children. A playful dolphin swims gracefully beside them, its sleek body reflecting the sunlight. The sky is a brilliant blue with a few wispy clouds, and the water sparkles under the warm sun, creating a serene and joyful atmosphere. The yacht's deck is visible in the background, adding to the luxurious feel of the scene.",https://image.lexica.art/full_jpg/00001a8f-993f-4d69-8fd2-f7d69dc1e8ef,640,640,lexica.art
2,00002cfc-8170-4a93-a1f8-aa5681cb5f71,"A group of friendly alien race individuals, each with unique, intricate designs and vibrant, glowing colors. The scene is set in a futuristic, otherworldly environment with dramatic lighting that highlights the metallic sheen and detailed textures of their skin and attire. The aliens have large, expressive eyes and elongated ears, exuding a sense of calm and curiosity. The background features a blend of warm and cool hues, creating a visually striking contrast. The overall style is hyper-realistic, rendered with high detail and clarity, using Unreal Engine for its advanced visual effects. The image is presented in 8K resolution, ensuring every element is sharp and vivid, and it's trending on ArtStation for its innovative and captivating design.",https://image.lexica.art/full_jpg/00002cfc-8170-4a93-a1f8-aa5681cb5f71,512,768,lexica.art
3,00004467-fdef-41bc-bc73-20c68444a024,"Theo James as Cyclops in a cyberpunk futuristic setting, wearing a full orange glass circular visor that covers his eyes, with a shaved face and short hair. He is depicted in a neon-lit environment with vibrant colors and dynamic lighting. The background features blurred lights and glowing neon lines, creating a high-tech, dystopian atmosphere. Detailed textures and realistic shading highlight the glossy surfaces of his outfit and the reflective visor. The artwork is signed by Ismail Inceoglu, Dragun Bibin, Hans Thoma, Greg Rutkowski, Alexandros Pyromallis, Nekro, and Rene Maritte, emphasizing the intricate and polished illustration style.",https://image.lexica.art/full_jpg/00004467-fdef-41bc-bc73-20c68444a024,512,768,lexica.art
4,000044ca-a4d7-46a2-81da-7ef3bf4cbeeb,"A portrait of a beautiful woman with long, flowing brown hair riding a vintage bicycle. She is wearing a white blouse, a teal skirt, and black leggings, accessorized with colorful bracelets and rings. The bicycle has a wicker basket attached to the front. The scene is set outdoors with soft, natural lighting, creating a serene and slightly dreamy atmosphere. The background features blurred greenery, suggesting a park or garden setting. The overall style is reminiscent of Vincent van Gogh's post-impressionist technique, with bold brushstrokes and vibrant colors.",https://image.lexica.art/full_jpg/000044ca-a4d7-46a2-81da-7ef3bf4cbeeb,512,768,lexica.art
5,0000463a-7eaa-4fa9-96d8-1f41f3e8dca4,"Create a high-resolution render of a bottle of 100% Whey Protein Professional by Athlete Pro Nutrition. The bottle should be prominently displayed on a wooden surface with a blurred background featuring warm, golden bokeh lights. The label should have bold, metallic gold and black text with a modern, sporty font. Include a small, reflective, dark-colored sports ball next to the bottle for added context. The overall lighting should be dramatic, with soft shadows and highlights emphasizing the texture of the bottle and the label. The scene should evoke a sense of energy and performance, typical of sports nutrition products.",https://image.lexica.art/full_jpg/0000463a-7eaa-4fa9-96d8-1f41f3e8dca4,512,768,lexica.art
6,000053e0-9a62-4b55-aecc-fa6886ab080c,"A surreal, cyberpunk-inspired interior scene featuring tall, distorted geometric columns reminiscent of ancient Roman architecture. The space is bathed in a warm, golden light that casts dramatic shadows, evoking the chiaroscuro technique. The walls are adorned with abstract, organic shapes that blend seamlessly into the environment, creating a sense of depth and mystery. The overall atmosphere is one of quiet contemplation and intrigue, with a touch of the fantastical. The image is rendered in a style that combines elements of Rene Magritte's dreamlike imagery, Didier Barra's architectural abstraction, and Johannes Vermeer's meticulous detail, all while incorporating a tilt-shift effect to enhance the three-dimensional feel. The color palette is dominated by earthy tones, with pops of vibrant yellow and green adding contrast and vibrancy.",https://krea-prod-v1-generations.s3.us-east-1.amazonaws.com/images/000053e0-9a62-4b55-aecc-fa6886ab080c.png,512,512,stablediffusionweb.com
8,00006e82-1243-495d-8f17-a63b77a25dc7,"A vibrant, surreal scene featuring Elon Musk in a desert landscape, holding a large bowl filled with golden corn kernels. He is enjoying a fresh ear of corn, with a joyful expression on his face. The background showcases rolling sand dunes under a clear blue sky, with lush green corn plants in the foreground. The lighting is bright and natural, highlighting the textures of the sand, corn, and Musk's attire. The overall mood is whimsical and playful, blending elements of reality with a touch of fantasy.",https://image.lexica.art/full_jpg/00006e82-1243-495d-8f17-a63b77a25dc7,512,768,lexica.art
9,00008e13-e862-45e3-810b-c0087f7b5968,"A bat with large, detailed wings, perched on the edge of a building at dusk. The bat's fur is a mix of dark brown and black, with a lighter underbelly. The setting sun casts a warm, golden glow on the bat and the building, creating long shadows and highlighting the intricate textures of the bat's fur and the architectural details of the building. The scene has a mysterious and slightly eerie atmosphere, with the bat appearing almost ethereal against the backdrop of the twilight sky.",https://image.lexica.art/full_jpg/00008e13-e862-45e3-810b-c0087f7b5968,512,768,lexica.art
10,000091e4-8396-4aaf-b2f4-c21abcc136cc,"A luxurious 3D-rendered bedroom featuring elegant gold and navy blue accents. The room has a sophisticated design with vertical striped wallpaper, a plush bed with a gold headboard, and matching gold armchairs. The ceiling is adorned with ornate chandeliers, and natural light streams through large windows draped with navy blue curtains. The floor is glossy, reflecting the warm lighting from the lamps and the ambient glow of the chandeliers. The overall mood is one of opulence and tranquility.",https://image.lexica.art/full_jpg/000091e4-8396-4aaf-b2f4-c21abcc136cc,768,512,lexica.art
11,00009c69-efcb-4d10-a0bd-631ed67fa456,"A high-quality, minimalist wallpaper featuring translucent, elegant 3D waves with a subtle caustic effect. The image is presented in black and white, set against a sleek black background. The waves are rendered in 8K resolution with a filmic look, capturing intricate details and smooth transitions of light and shadow.",https://image.lexica.art/full_jpg/00009c69-efcb-4d10-a0bd-631ed67fa456,512,768,lexica.art
12,0000cbcf-e0fe-4d13-b1e2-770a67da4e04,"A sleek, corkscrew-shaped spaceship inspired by a battleship and Maschinen Krieger, featuring intricate docking bays and glowing blue lights. The design blends elements from Ilm, Beeple, Star Citizen, Halo, Mass Effect, and Starship Troopers, with a metallic sheen and sharp angles. The background is a deep, starry space, enhancing the futuristic and industrial aesthetic of the vessel.",https://krea-prod-v1-generations.s3.us-east-1.amazonaws.com/images/0000cbcf-e0fe-4d13-b1e2-770a67da4e04.png,832,576,stablediffusionweb.com
13,0000fe4f-4a77-4433-82ab-1a21aebd5776,"A New Year greeting card for 2023 featuring a beautifully adorned Christmas tree with shimmering golden ornaments and intricate garlands. Beneath the tree, a variety of wrapped gifts are neatly arranged, exuding a sense of joy and anticipation. The scene is set against a dark, elegant background that enhances the festive glow of the ornaments. The overall composition is a blend of vintage charm and modern realism, with a touch of futuristic elements. The image is rendered in high-quality, 8K resolution with hyper-detailed textures and smooth, vibrant colors. The style is reminiscent of digital paintings found on ArtStation, capturing the essence of a magical holiday season. The artwork is characterized by sharp focus and intricate character design, with a warm, inviting atmosphere. The artist's signature style is evident, drawing inspiration from the works of Artgerm, Viktoria Gavrilenko, Steve Zheng, and Terry Rogers.",https://image.lexica.art/full_jpg/0000fe4f-4a77-4433-82ab-1a21aebd5776,768,512,lexica.art
14,000111f4-993d-4a1c-8bf8-4011f48288fb,"A striking portrait of two biodegradable cats, rendered in a bold pop art style with neo noir undertones. The image features sharp focus and high detail, capturing the intricate textures of their fur against a vibrant orange background. The cats' eyes glow with a neon green hue, adding a surreal and edgy touch. The overall composition is reminiscent of 1980s aesthetics, with a mix of bright colors and dark contrasts, creating a visually rich and dynamic piece.",https://krea-prod-v1-generations.s3.us-east-1.amazonaws.com/images/000111f4-993d-4a1c-8bf8-4011f48288fb.png,512,640,stablediffusionweb.com
15,00011202-280c-463a-b1ff-9a9cd08c5ac3,"Create a portrait of Max Caulfield with a vibrant, warm color palette featuring deep reds and oranges in the background. The subject should be wearing a blue jacket with white and red stripes on the sleeves, paired with a striped shirt underneath. The lighting should be soft and directional, highlighting the subject's hair and facial features. The overall mood should be serene and contemplative, with a slight halo effect around the subject's head to emphasize their presence. Use a detailed and realistic style with smooth textures and a high level of detail to capture the essence of the character.",https://image.lexica.art/full_jpg/00011202-280c-463a-b1ff-9a9cd08c5ac3,512,768,lexica.art
16,00012532-dbaf-4fd1-909d-4a495ce57d86,"A melancholic female astronaut in a detailed, contemporary mixed-media artwork by Bartholomew Beal, Alfio Presotto, Rhads, Salustiano Garcia Cruz, and Lita Cabellut. The astronaut's visor reflects a serene starry sky, while her expression conveys deep sadness. Her hand gently touches the visor, adding a touch of vulnerability. The background features a vibrant, cosmic landscape with soft, pastel hues blending into the deep blue of space. The lighting is soft and ethereal, highlighting the astronaut's features and the intricate details of her suit. The overall mood is contemplative and poignant, capturing a moment of introspection against the vastness of the universe.",https://krea-prod-v1-generations.s3.us-east-1.amazonaws.com/images/00012532-dbaf-4fd1-909d-4a495ce57d86.png,512,576,stablediffusionweb.com
18,00013379-424e-4440-9be8-8f00fc83249f,"A full-body portrait of a stunning young woman bodybuilder, dressed in a sailor-inspired outfit with a white crop top and matching shorts, accented by a navy blue belt with a gold buckle. Her hair is styled in voluminous waves, cascading over her shoulders. She wears gold jewelry, including bracelets and earrings, complementing her red nail polish. The background is softly blurred, drawing attention to her well-defined muscles and sculpted physique. The lighting is dramatic, casting dynamic shadows that highlight her contours and the texture of her skin. The overall aesthetic is reminiscent of Stefan Kostic's work, with a touch of elegance and realism. The image is rendered in 8K high definition, with intricate details and a sharp focus that captures every muscle fiber and facial feature. This artwork is inspired by the styles of Stanley Lau and Artgerm, blending their unique artistic techniques to create a visually rich and captivating piece.",https://image.lexica.art/full_jpg/00013379-424e-4440-9be8-8f00fc83249f,512,768,lexica.art
19,00013423-0e6b-4c47-a734-d72e47b04e7f,"A majestic mountain range covered in snow, with rugged peaks and smooth slopes. The foreground features a vibrant, golden meadow with rolling hills and sparse trees, leading down to a serene river that winds through the landscape. The river's surface reflects the clear blue sky above, creating a tranquil and picturesque scene. The lighting is warm and golden, suggesting a sunrise or sunset, casting long shadows across the meadow and highlighting the textures of the grass and rocks. The overall mood is peaceful and awe-inspiring, capturing the beauty of nature in its raw and untouched state.",https://image.lexica.art/full_jpg/00013423-0e6b-4c47-a734-d72e47b04e7f,512,768,lexica.art
20,0001630b-bdf6-4dca-b27f-68bc775ce05c,"A vibrant, pastel-colored panda with intricate brushstrokes of paint on its fur, reminiscent of Studio Ghibli's whimsical style. The panda stands confidently against a gradient background transitioning from pink to purple, with soft, diffused lighting highlighting its rounded features and fluffy texture. The scene exudes a dreamy, fantasy atmosphere, rendered in high-resolution 8K detail.",https://image.lexica.art/full_jpg/0001630b-bdf6-4dca-b27f-68bc775ce05c,512,768,lexica.art
21,00016830-f377-4c5b-9909-5050267bd81a,"A serene, idyllic landscape where humans live in perfect harmony with nature. A lush, vibrant forest with oversized, fantastical trees dominates the scene. A majestic waterfall cascades down from a floating island, creating a tranquil atmosphere. In the foreground, a horse and a fox stand peacefully on a grassy hill adorned with wildflowers. The sky is a soft gradient of blue and green, with a hint of purple clouds adding depth and magic. The overall mood is one of peace and wonder, with a touch of whimsy and fantasy.",https://image.lexica.art/full_jpg/00016830-f377-4c5b-9909-5050267bd81a,512,768,lexica.art
22,000172e0-939c-4884-9bc4-f6e8c3fe0f21,"A Hierophant figure sits between two towering pillars of a sacred temple, draped in flowing robes, against a backdrop of a vibrant sunset. The scene is bathed in warm golden hues, with a large circular window behind the figure revealing a gradient sky transitioning from deep blue to fiery orange. The architectural elements are rendered with sharp geometric lines and soft shadows, evoking a sense of serene reverence. The painting style is reminiscent of Rene Magritte's surrealist works, blending realism with dreamlike elements.",https://image.lexica.art/full_jpg/000172e0-939c-4884-9bc4-f6e8c3fe0f21,512,768,lexica.art
23,00017a5e-5245-40f3-b1e4-61f4a8df9048,"A vibrant hot rod bone shaker in a desert sandstorm, styled in a flat design with bold, saturated colors. The car is depicted in motion, with dynamic lines emphasizing speed and energy. The background features a large, stylized sun partially obscured by a circular frame, casting dramatic shadows on the sandy terrain. The scene is set against a deep purple sky, adding a sense of drama and intensity. The car's design includes exaggerated features such as a prominent rear spoiler and large wheels, typical of the hot rod genre. The overall aesthetic is reminiscent of vintage automotive posters, with a modern twist through the flat design technique.",https://image.lexica.art/full_jpg/00017a5e-5245-40f3-b1e4-61f4a8df9048,768,512,lexica.art
24,0001857e-4abe-47f3-88be-0b76e4b427e7,"Little Miss is sitting on her Tuffet in a serene, sunlit meadow, enjoying a bowl of curds and whey. She wears a vibrant, flowing red dress with intricate patterns, complemented by striped stockings. Her hair is styled in a whimsical, curly updo adorned with flowers. The setting is a picturesque landscape with lush green hills and distant mountains under a soft, golden sky. The scene is bathed in warm, cinematic lighting that enhances the dreamy, fairy-tale atmosphere. This is a high-resolution, matte fantasy painting with a touch of vintage charm, reminiscent of works found on DeviantArt and Artstation. The artist's style draws inspiration from the likes of Jason Felix, Steve Argyle, Tyler Jacobson, and Peter Mohrbacher.",https://krea-prod-v1-generations.s3.us-east-1.amazonaws.com/images/0001857e-4abe-47f3-88be-0b76e4b427e7.png,512,512,stablediffusionweb.com
25,0001a9b6-417c-426c-b25b-9b8f1e14aba1,"Jean-Claude Van Damme as a lionhearted warrior in his final battle against Attila, with intense sunlight casting dramatic shadows across his muscular physique, set against a rugged, desert landscape under a clear blue sky. The image should have a hyper-realistic texture, capturing every detail of his sweat-drenched skin and the fierce determination etched on his face. Use a cinematic style with high contrast and vibrant colors to emphasize the epic nature of the scene.",https://image.lexica.art/full_jpg/0001a9b6-417c-426c-b25b-9b8f1e14aba1,512,768,lexica.art
26,0001afc2-c42e-4a00-9cea-734d03483055,"A vintage muscle car in a desert landscape, emitting intense electric shockwaves from its rear, reminiscent of Mad Max's iconic vehicles. The car is adorned with futuristic gadgets on the roof, glowing red and blue lights, and surrounded by a dramatic burst of fire and smoke. The scene is set against a twilight sky, with the car's hood reflecting vibrant hues of orange, pink, and purple. The overall atmosphere is dynamic and action-packed, capturing the essence of a high-octane chase.",https://image.lexica.art/full_jpg/0001afc2-c42e-4a00-9cea-734d03483055,512,768,lexica.art
27,0001ca3e-ad63-4698-a0ed-10db33efb262,"A painting of a fallen angel in a striking pose, wearing a purple leather jacket and matching sparkly bikini by Alexander Cabanel. The angel's wings are large and detailed, with a gradient of purple hues. The background features a dramatic sky with soft, ethereal clouds, illuminated by a warm, golden light that casts a glowing effect on the figure. The overall mood is both seductive and ethereal, with a focus on the intricate details of the costume and the angel's confident stance.",https://image.lexica.art/full_jpg/0001ca3e-ad63-4698-a0ed-10db33efb262,1024,1536,lexica.art
28,0001cd84-b0ff-4eea-ab22-77cb7f7d1621,"A highly detailed Unreal Engine render of a man with a long accordion-neck, characterized by intricate character design. The scene is set against a minimalist gray background, emphasizing the subject's unique anatomy. The lighting is soft and diffused, casting gentle shadows that highlight the texture of the accordion and the man's clothing. The character is dressed in a white shirt and black pants, holding a wooden stick in his hand. The overall mood is surreal and artistic, with a focus on the blend of human and mechanical elements. The composition is balanced, with the subject positioned slightly off-center to create a sense of depth and intrigue.",https://krea-prod-v1-generations.s3.us-east-1.amazonaws.com/images/0001cd84-b0ff-4eea-ab22-77cb7f7d1621.png,512,512,stablediffusionweb.com
30,0001eb29-025e-46ce-8800-47197b840727,"A powerful and imposing figure of Darkseid, the tyrannical ruler of the planet Apokolips, standing confidently with his arms crossed. He wears a dark blue and gold suit adorned with intricate armor details, a red star emblem on his chest, and a helmet with glowing red eyes. The background is a dramatic blend of deep purples and pinks, creating a sense of ominous power and authority. The lighting highlights the muscular definition of his physique, emphasizing his strength and dominance. The overall composition is rich and detailed, capturing the essence of Darkseid's formidable presence.",https://image.lexica.art/full_jpg/0001eb29-025e-46ce-8800-47197b840727,512,768,lexica.art
32,00021a54-2f91-44e2-89e8-26c7d002cc10,"A charming, adorable baby owl encased in a shimmering crystal ball, with high-poly eyes that glow with a radiant aura. The intricate details of its feathers are highly detailed and vibrant, capturing every texture and color. The background is a deep, dark gradient that enhances the luminosity of the owl and crystal ball, creating a mystical and enchanting atmosphere. The overall composition is highly detailed and conceptually rich, reminiscent of ArtStation's trending works, rendered in ultra-high resolution at 8K.",https://image.lexica.art/full_jpg/00021a54-2f91-44e2-89e8-26c7d002cc10,512,768,lexica.art
33,000221c4-df36-4174-bd0f-0d902f133454,"A highly detailed mecha human cyborg with sleek, futuristic design elements. The robot features a striking orange and black color scheme, with intricate mechanical details and glowing accents. The setting is a dimly lit, modern industrial space with soft, diffused lighting casting subtle shadows. The cyborg's pose is dynamic, with one leg slightly bent and the other extended forward, giving a sense of motion and readiness. The background includes a large window allowing natural light to stream in, contrasting with the darker interior. The overall mood is intense and high-tech, with a focus on advanced technology and precision engineering.",https://image.lexica.art/full_jpg/000221c4-df36-4174-bd0f-0d902f133454,512,768,lexica.art
35,00023250-2417-44d3-b470-8014e53408e3,"A majestic circular agora of ancient Greece bathed in warm, golden light at night, leading to a futuristic portal that opens into a vast array of virtual worlds and immersive 360 environments. The architecture features intricate columns adorned with classical motifs, set against a backdrop of silhouetted palm trees and distant mountains under a twilight sky. The scene is illuminated by soft, ambient lighting that highlights the textures of the stone and creates a serene yet mysterious atmosphere, inviting viewers into a blend of historical grandeur and modern digital exploration.",https://image.lexica.art/full_jpg/00023250-2417-44d3-b470-8014e53408e3,512,768,lexica.art
37,00028018-b73f-4625-930b-13f9ed8673cc,"A beautiful anime girl with short, flowing white hair, wearing a pristine white lab coat adorned with intricate emblems and a name tag, paired with sleek black-rimmed glasses. She holds a clipboard with detailed scientific notes, standing confidently inside a modern, dimly lit research facility. The setting exudes a high-tech ambiance with soft, ambient lighting casting gentle shadows on her face and attire. The character's portrait is highly detailed, with a focus on smooth, sharp textures and a vibrant color palette. The artwork is reminiscent of a digital painting style, capturing the essence of concept art with a touch of elegance and sophistication. The scene is set in the 1960s, evoking a sense of nostalgia and precision. The overall mood is professional yet approachable, with a blend of modern and retro elements. This illustration is inspired by the artistry of Wlop, Charlie Bowater, and Alexandra Fomina.",https://image.lexica.art/full_jpg/00028018-b73f-4625-930b-13f9ed8673cc,512,768,lexica.art
39,00028dde-a612-4139-b0e7-cce86dedb1b8,"A stunning NFT collection featuring a full-body depiction of a marijuana goddess character in a cinematic style. The image showcases a close-up, macro photography of a beautifully detailed marijuana bud with intricate trichomes and densely packed buds, illuminated under neon blacklight. The character is adorned with sacred DMT weed-themed jewelry and accessories, exuding a mystical and visionary aura. The artwork is rendered in vibrant, high-contrast colors with a mix of warm and cool tones, capturing the essence of a superheroine in a fantastical setting. The composition follows the rule of thirds and the golden ratio, with a focus on the subject's face and upper body. The background is filled with alien plants and glowing elements, enhancing the otherworldly and sacred atmosphere. The piece is signed by renowned artists Greg Rutkowski, Android Jones, and Artgerm, and features a chroma key effect to emphasize the subject.",https://image.lexica.art/full_jpg/00028dde-a612-4139-b0e7-cce86dedb1b8,768,512,lexica.art
40,00028fc2-6567-4703-a989-4e9835769d19,"A highly detailed portrait of a male bandit, wearing a black and gold helmet with intricate designs, set against a warm, golden background. His piercing yellow eyes are the focal point, reflecting a sense of intensity and mystery. The portrait is rendered in a fantasy style, reminiscent of digital paintings found on ArtStation, with smooth, sharp focus and rich, vibrant colors. The artwork captures the essence of concept art, blending elements from artists such as Artgerm, Greg Rutkowski, Tetsuya Nomura, Makoto Shinkai, Boris Vallejo, and Stephen Bliss. The lighting is dramatic, casting dynamic shadows that enhance the texture of his skin and the metallic sheen of his attire. The overall mood is one of intrigue and power, with a touch of elegance and sophistication.",https://image.lexica.art/full_jpg/00028fc2-6567-4703-a989-4e9835769d19,640,640,lexica.art
41,0002a95f-97d2-4f96-bbf5-c50229fcb8dc,"A stunning, modern, four-bedroom house in a sleek, contemporary style reminiscent of Florida's high-end architecture. The exterior features clean lines, large glass windows, and a striking contrast between white and dark blue panels. The house is surrounded by lush greenery, including manicured hedges and vibrant flower beds, creating a serene and luxurious atmosphere. The scene is bathed in soft, natural light, highlighting the reflective surfaces and the intricate details of the design. The overall mood is one of sophistication and tranquility, with a focus on both aesthetics and functionality.",https://image.lexica.art/full_jpg/0002a95f-97d2-4f96-bbf5-c50229fcb8dc,512,768,lexica.art
42,0002d351-40cc-4ab5-a6e9-643cccc25a21,"A highly detailed, 4K masterpiece of a manga-style girl with robotic features, wearing a black bikini and thigh-high boots, sitting confidently on the beach. Her long, dark hair flows freely, and she has striking red eyes. The background showcases a stunning landscape with a large, glowing moon dominating the sky, casting a soft, ethereal light over the scene. The setting is reminiscent of the intense, atmospheric world of Gantz, with a sense of mystery and tension. The overall mood is captivating and visually rich, with intricate details and vibrant colors enhancing the composition.",https://image.lexica.art/full_jpg/0002d351-40cc-4ab5-a6e9-643cccc25a21,512,768,lexica.art
43,0002ed1e-d401-4cc4-a3c5-2224430ca05f,"Create a detailed character concept of a young woman with long, flowing black hair adorned with red ribbons and intricate gold accents. Her skin is smooth and glowing, with rosy cheeks and defined facial features. She wears a traditional, elegant outfit with a high collar and intricate patterns, primarily in dark tones with gold trim. The background is softly lit, creating a warm and inviting atmosphere. The overall style should be highly detailed and realistic, capturing the essence of a character from a fantasy or historical setting.",https://image.lexica.art/full_jpg/0002ed1e-d401-4cc4-a3c5-2224430ca05f,512,768,lexica.art
45,00030539-2824-4c44-a3d7-38758c921f0e,"A close-up portrait of a vibrant, bioluminescent jellyfish with a dichroic orchid skull and a betta fish swimming nearby. The jellyfish's translucent body reveals intricate internal structures, while its tentacles shimmer with a gradient of purple, blue, and pink hues. The background features blurred, glowing orange and yellow coral-like formations, creating a dreamy underwater ambiance. The artwork is signed by Tooth Wu, wlop, and Beeple, rendered in high detail using Octane Render, with a cinematic and hyper-realistic style. The composition is symmetrical and very coherent, trending on ArtStation, reminiscent of Greg Rutkowski's work.",https://image.lexica.art/full_jpg/00030539-2824-4c44-a3d7-38758c921f0e,512,768,lexica.art
46,0003319d-62a2-4267-964f-bec816a90ca7,"A full-body portrait of a muscular, anthropomorphic Rottweiler-human hybrid wearing a vibrant New York baseball team uniform in the style of Zootopia. The character stands confidently with hands on hips, exuding strength and determination. The uniform features bold orange and blue colors with white accents, and the number ""27"" prominently displayed on the chest. The background is a simple, gradient blue sky, which highlights the character's detailed fur texture and realistic muscle definition. The scene is rendered in high-fidelity 3D using Unreal Engine 5, with dynamic lighting that casts soft shadows, enhancing the overall depth and realism of the image.",https://image.lexica.art/full_jpg/0003319d-62a2-4267-964f-bec816a90ca7,512,768,lexica.art
47,00033717-47d1-43b7-8a3b-c2ff963b67da,"A close-up of Sayori from Dream Daddy: A Dad's Love Story, wearing her school uniform with a pink bow in her hair. Her eyes are a striking shade of blue, and she has a warm, inviting smile. The background is softly lit with bokeh lights, creating a dreamy and nostalgic atmosphere. The colors are vibrant, with a focus on purples and pinks, and the lighting highlights her features beautifully, giving the image a soft, glowing effect.",https://image.lexica.art/full_jpg/00033717-47d1-43b7-8a3b-c2ff963b67da,512,768,lexica.art
49,00035df8-b721-42df-b511-ac16d89fadb0,"A detailed, vibrant painting of a sensitive yet strong African-Korean man tracer wearing a stylish blue suit with yellow accents, standing confidently on a picturesque beach with golden sand and turquoise waters in the background. The scene is bathed in bright, natural sunlight, casting sharp shadows and highlighting the bold, organic brushstrokes typical of Greg Manchess's style. The composition features a medium shot, emphasizing the subject's powerful presence against the dramatic coastal landscape. The artwork is reminiscent of street art trends, with its bold shapes and hard edges, and it captures the essence of the artist's signature technique, blending elements of Greg Rutkowski, Alphonse Mucha, and other renowned artists for a unique, striking piece.",https://image.lexica.art/full_jpg/00035df8-b721-42df-b511-ac16d89fadb0,512,768,lexica.art
51,000363ef-2a4a-41a0-bd2f-6f553db788c6,"A highly detailed black and white sketch of Black Panther, showcasing intricate linework and shading that highlights his muscular physique and iconic mask. The artwork features a dramatic lighting effect that accentuates the contours of his face and body, creating a sense of depth and intensity. The background is minimalist, ensuring all focus remains on the character's powerful presence. The style is reminiscent of comic book illustrations, with bold lines and a monochromatic color scheme that emphasizes contrast and texture.",https://image.lexica.art/full_jpg/000363ef-2a4a-41a0-bd2f-6f553db788c6,512,768,lexica.art
52,0003918b-d57a-4ce6-b4fa-d1dc6d7c9057,"Anime girl with long, flowing brown hair adorned with green leaves, wearing a revealing white outfit with a leafy accessory, standing in front of a vibrant storefront with warm, glowing lights in the background. Her dark green eyes sparkle with a playful, mischievous glint, and her arms are raised playfully behind her head. The scene is set in an urban environment, with a lively and dynamic atmosphere. The artwork is meticulously detailed with professional cel-shading, clear manga pen work, and a high level of realism in the eyes and skin texture. The style is reminiscent of gelbooru, with a focus on manga and anime aesthetics, capturing the essence of a finished manga pin-up art piece.",https://image.lexica.art/full_jpg/0003918b-d57a-4ce6-b4fa-d1dc6d7c9057,512,768,lexica.art
53,00039c15-4240-491e-bd26-326298d52b86,"A stunningly beautiful and adorable oriental princess with youthful and attractive features, adorned in elegant white lace attire. Her flowing hair is intricately styled with delicate floral crowns, adding a touch of ethereal grace. The portrait captures her symmetrical face in exquisite detail, with soft, muted colors enhancing the serene and mystical atmosphere. The lighting is gentle and diffused, casting subtle highlights that accentuate her delicate features and the intricate textures of her clothing and hair. This character concept art is reminiscent of the style found on ArtStation and CGSociety, showcasing high-quality digital painting techniques that bring the princess to life with a sense of timeless beauty and elegance.",https://krea-prod-v1-generations.s3.us-east-1.amazonaws.com/images/00039c15-4240-491e-bd26-326298d52b86.png,512,704,stablediffusionweb.com
54,0003aa57-8bf3-4805-b664-b4931c56b918,"A surreal landscape featuring towering, moss-covered cliffs with a futuristic, tunnel-like structure embedded within them. The scene is bathed in soft, diffused sunlight, casting long shadows across the turquoise waters below. The sky is a gradient of light blue, transitioning to a hazy white, adding to the ethereal atmosphere. The foreground includes a sandy beach with scattered rocks and patches of vibrant green vegetation. The overall mood is one of tranquility and wonder, with a touch of otherworldly beauty.",https://image.lexica.art/full_jpg/0003aa57-8bf3-4805-b664-b4931c56b918,512,768,lexica.art
56,000400fd-7725-4483-987e-8b535959f5d4,"A highly detailed 2023 portrait of a woman wearing large, illuminated headphones with a vibrant, fiery glow emanating from them. The headphones feature a bold, red and yellow logo with a stylized ""T"" at the center. The background transitions from deep purple to a warm, fiery red, creating a dramatic contrast. The woman's makeup is striking, with bold red lipstick and dramatic eye makeup, adding to the intense and surreal atmosphere. The overall style is pop surrealism, reminiscent of Christian Hilfgott Brand's work, with a high level of detail and a cinematic quality. The image is rendered in a high-definition format, capturing every texture and light effect with precision. The composition is centered on the woman's face, drawing the viewer's attention to her intense gaze and the glowing headphones.",https://image.lexica.art/full_jpg/000400fd-7725-4483-987e-8b535959f5d4,512,768,lexica.art
57,00040389-b576-48ca-8d71-33f138ff6844,"A vibrant anime-style girl with fiery orange hair tied in a ponytail and striking purple eyes stands confidently against a serene sky backdrop. She is dressed in a detailed blue school uniform with white accents, adorned with badges and a belt holding various items. The girl holds a futuristic-looking gun over her shoulder, pointing it directly at the viewer. The scene is bathed in warm, golden sunlight, casting dynamic shadows and highlighting the intricate details of her outfit and the gun. The overall mood is intense yet captivating, blending elements of action and fantasy.",https://image.lexica.art/full_jpg/00040389-b576-48ca-8d71-33f138ff6844,512,768,lexica.art
58,00041561-4024-49e8-ae48-e56a03aca743,"A detailed, high-resolution recreation of Walter White from 'Breaking Bad' in the style of Dark Souls, featuring his iconic bald head, glasses, and goatee. He is dressed in rugged, tattered armor with a greenish hue, reminiscent of the game's atmospheric and gritty aesthetic. The background is a desolate, foggy landscape typical of Dark Souls, with muted colors and a sense of foreboding. The lighting is dim and moody, casting dramatic shadows across his face and armor, enhancing the intense and ominous mood. The texture of the armor and the surrounding environment should be highly detailed, capturing the essence of the game's art direction.",https://krea-prod-v1-generations.s3.us-east-1.amazonaws.com/images/00041561-4024-49e8-ae48-e56a03aca743.png,512,512,stablediffusionweb.com
60,00042341-976b-41f4-9b44-4e9679d5e8d8,"A close-up portrait of Asuna from 'Sao,' featuring her in a dynamic pose against a backdrop of a vibrant sunset sky. Her long, flowing red hair is adorned with golden accessories, and she wears a sleek, black and gold bodysuit that accentuates her curves. The lighting is soft yet dramatic, casting gentle shadows that highlight her glossy, pearlescent skin. The artwork is reminiscent of Greg Rutkowski and Gil Elvgren's style, with intricate details and a sense of movement in her hair and attire. The overall mood is one of elegance and power, capturing the essence of Asuna's character.",https://image.lexica.art/full_jpg/00042341-976b-41f4-9b44-4e9679d5e8d8,512,768,lexica.art
61,000437c0-f81a-4f1e-8b58-3b76c7c2652f,"A vibrant scene in Old Havana featuring spoonbills, toucans, and hornbills wading through a reflective puddle on a rainy day. The vintage cars parked along the cobblestone street add a nostalgic touch, while the weathered architecture of the surrounding buildings provides a rich backdrop. The image is rendered in a hyperrealistic style with a glossy surface and liquid texture, capturing every detail with cinematic lighting and a shallow depth of field. The scene is set against a moody sky, enhancing the atmospheric quality. This piece is trending on Behance and CGSociety, showcasing the artist's skill in creating a visually stunning and immersive environment.",https://krea-prod-v1-generations.s3.us-east-1.amazonaws.com/images/000437c0-f81a-4f1e-8b58-3b76c7c2652f.png,512,512,stablediffusionweb.com
62,00045f9f-62e5-4892-983c-2011763a42ce,"Taylor Swift smoking a joint, full body shot, wearing a red and white bra, standing against a soft, neutral background with a subtle gradient. The lighting is warm and slightly diffused, highlighting her features and the texture of her hair. Her expression is confident and sultry, with bold makeup accentuating her eyes and lips. The image has a high ISO setting of 100, an aperture of f/8, and a shutter speed of 1/125, creating a crisp and sharp focus on her face while maintaining a slight blur in the background. The overall composition is intimate and artistic, with a postprocessed look that enhances the details and colors.",https://image.lexica.art/full_jpg/00045f9f-62e5-4892-983c-2011763a42ce,512,768,lexica.art
63,0004638d-df11-48c8-b245-66982651c57c,"A detailed, vibrant illustration of an old Jewish temple in the Pixar style, set against a vast desert landscape with golden sand dunes under a soft, warm sunset. The temple features intricate carvings on its door and arched entrance, casting long shadows across the sandy terrain. The scene is bathed in a gentle, diffused light that enhances the textures and colors of the desert and the temple's architecture, evoking a sense of ancient history and biblical significance.",https://image.lexica.art/full_jpg/0004638d-df11-48c8-b245-66982651c57c,512,768,lexica.art
64,00047043-2bd5-415f-8231-807c4bf01396,"A close-up portrait of a mermaid with vibrant, curly red hair cascading down her shoulders. Her emerald green eyes sparkle with a serene, almost ethereal glow. She has a tan complexion, accentuated by the soft, natural light filtering through the water above. The mermaid is adorned in a shimmering, deep red mermaid tail that flows elegantly around her. Beside her, a colorful fish with iridescent scales and bright green and yellow hues swims gracefully, adding a touch of life and movement to the scene. The background is a dreamy underwater setting, with gentle ripples and a hint of sunlight breaking through the surface, creating a tranquil and magical atmosphere. The overall composition is rich in detail, with a focus on the mermaid's expressive eyes and the vibrant colors of her surroundings.",https://image.lexica.art/full_jpg/00047043-2bd5-415f-8231-807c4bf01396,512,768,lexica.art
65,000482b6-83da-41e4-8f15-452a0697d67f,"A serene lakeside scene at sunrise, with a rustic cabin nestled among lush greenery and towering mountains shrouded in mist. The foreground features vibrant yellow wildflowers and a calm, mirror-like lake reflecting the surrounding landscape. Tents are pitched along the shore, and a small wooden boat floats gently on the water. The painting has a naturalistic style with bold, expressive brushstrokes and a harmonious blend of cool and warm tones, capturing the tranquil beauty of nature.",https://image.lexica.art/full_jpg/000482b6-83da-41e4-8f15-452a0697d67f,512,768,lexica.art
66,0004a0ac-4786-43ff-93d3-0bfd8af30cc2,"A highly detailed digital painting of Aizen Sosuke from Bleach, rendered with atmospheric lighting and octane render using Unreal Engine. The scene is set in a dimly lit, futuristic hallway with neon lights casting dramatic shadows. The character stands in profile, wearing a long, flowing cloak that drapes elegantly over his shoulders. His hair is spiky and dark, adding to the mysterious and intense mood. The background features a glowing, circular portal at the end of the hallway, emitting a warm, inviting light that contrasts with the cool blue tones of the surrounding environment. The overall atmosphere is one of suspense and anticipation, capturing the essence of a pivotal moment in the story.",https://image.lexica.art/full_jpg/0004a0ac-4786-43ff-93d3-0bfd8af30cc2,512,768,lexica.art
68,0004a302-196a-463f-9fbe-7054bcd5d0c0,"A skier mid-air after a jump on a vibrant, colorful ski slope at sunset. The scene is set against a backdrop of majestic mountains under a sky painted with hues of orange, pink, and purple. The skier, wearing a red backpack and a white helmet, is captured in dynamic motion, with ski poles extended. The slope is adorned with rainbow stripes, adding a playful and surreal element to the landscape. The surrounding area is dotted with tall evergreen trees, and the overall composition is smooth and clean, with no jagged lines or edges. The image is rendered in high detail, with ultra-sharp focus and a 4K resolution, giving it a hyper-realistic and almost octane-rendered quality. The style is reminiscent of Adobe illustration and Photoshop, with a simple yet sophisticated vector design that maintains a high level of detail and smoothness throughout.",https://image.lexica.art/full_jpg/0004a302-196a-463f-9fbe-7054bcd5d0c0,512,768,lexica.art
70,0004c349-10f8-49a6-8812-4151736cf19e,"Create a hyper-realistic, detailed portrait of El Chavo del Ocho from the animated series, styled in the iconic Tim Burton aesthetic. The character should be depicted wearing his signature striped sweater with red, yellow, and green stripes, paired with a vibrant green and yellow hat. The background should be a dimly lit, vintage setting with warm, golden tones, evoking a nostalgic atmosphere. Use intricate textures and lighting to highlight the character's facial features and clothing details, capturing the essence of both El Chavo and Tim Burton's unique visual style.",https://image.lexica.art/full_jpg/0004c349-10f8-49a6-8812-4151736cf19e,512,768,lexica.art
71,0004d185-5af5-4aeb-8f57-ea4c5d9a4110,"A white Maltese dog sitting on a hill, gazing at a vibrant fireworks display in the night sky. The scene is bathed in warm, golden light from the setting sun, creating a serene and magical atmosphere. The fireworks burst with bold, colorful explosions, casting a dynamic glow over the landscape. The dog's fur is meticulously detailed, with soft, flowing strands illuminated by the firelight. The background features a picturesque view of distant hills and a calm body of water, adding depth and tranquility to the composition. The artwork is rendered in a highly detailed, photorealistic style, with cinematic lighting and bold colors that bring the scene to life. The artist's signature style, reminiscent of Range Murata and Akiyuki Shinbou, adds a touch of elegance and emotional depth to the piece.",https://image.lexica.art/full_jpg/0004d185-5af5-4aeb-8f57-ea4c5d9a4110,512,768,lexica.art
72,0004d667-9f2f-4913-910a-6bc80f4e49d7,"A close-up of an anthropomorphic fox animal, wearing a navy blue utility cap, polarized sports sunglasses, and a bulletproof vest. The fox has a serious expression, with sharp, focused eyes reflecting the environment. The fur is detailed with warm orange and white tones, and the whiskers are prominently visible. The background is softly blurred, emphasizing the fox's face and attire. The lighting is natural, casting subtle shadows that highlight the texture of the fur and the reflective surface of the sunglasses. The overall mood is intense and slightly mysterious, with a hint of adventure or readiness for action.",https://krea-prod-v1-generations.s3.us-east-1.amazonaws.com/images/0004d667-9f2f-4913-910a-6bc80f4e49d7.png,512,512,stablediffusionweb.com
74,0004e714-0211-4a4c-8f77-6ea29bfc7746,"A highly detailed coat of arms featuring a majestic wolf head as the central motif. The wolf's fur is intricately textured with shades of gray, white, and brown, highlighted by golden accents on its ears and around the eyes. The shield is adorned with ornate gold detailing, including a central emblem of a crown flanked by laurel wreaths. The background is a deep, dark gray, creating a dramatic contrast that emphasizes the golden frame and the intricate details of the coat of arms. The overall composition is rich and regal, with a focus on the wolf's fierce and noble expression.",https://image.lexica.art/full_jpg/0004e714-0211-4a4c-8f77-6ea29bfc7746,512,768,lexica.art
76,0004e974-0665-45e9-a0a7-9d9b9717aa9e,"A dramatic space battle viewed from the surface of a barren, rocky planet under a fiery orange sky. Two massive, glowing red planets dominate the background, their surfaces marked by intense volcanic activity and molten lava flows. A sleek, futuristic spaceship is seen launching from a launchpad amidst a cloud of dust and smoke, with bright blue starbursts illuminating the scene. The landscape features rugged mountains and a vast, desolate expanse of sand dunes, creating a stark contrast between the fiery heavens and the cold, desolate ground below.",https://image.lexica.art/full_jpg/0004e974-0665-45e9-a0a7-9d9b9717aa9e,640,640,lexica.art
78,0004ee1b-0c59-468b-b700-9ac03dad3fb0,"A colossal golden wheel of time, intricately detailed with celestial symbols, suspended majestically in a vast, dark room that transitions into a cosmic vista. The wheel is bathed in a warm, ethereal glow, casting a mystical aura over the scene. Surrounding the wheel are swirling galaxies, twinkling stars, and distant nebulae, creating a sense of infinite space and time. The room itself is adorned with ancient, mystical runes etched into the walls, adding to the enigmatic atmosphere. The background features a serene landscape with silhouetted mountains and a tranquil body of water reflecting the celestial light, enhancing the otherworldly beauty of the setting. The overall mood is one of awe-inspiring wonder and profound mystery, with a touch of magical energy permeating the entire composition. --v 4",https://image.lexica.art/full_jpg/0004ee1b-0c59-468b-b700-9ac03dad3fb0,768,512,lexica.art
79,0004f0d1-8b44-4c7b-8a8f-13d31aeee16a,"A detailed painting inspired by Syd Mead's futuristic style, depicting an ancient sci-fi civilization's laundry room bathed in the warm glow of a purple sun. The room features Beksinski-inspired architecture with intricate, organic shapes and a cracked, industrial floor. The lighting casts dramatic shadows, highlighting the metallic textures and the rustic, worn-out appearance of the machinery. The overall mood is a blend of nostalgia and advanced technology, evoking a sense of history intertwined with future innovation.",https://krea-prod-v1-generations.s3.us-east-1.amazonaws.com/images/0004f0d1-8b44-4c7b-8a8f-13d31aeee16a.png,512,512,stablediffusionweb.com
81,000526fa-1bc9-4573-bd64-047405a62ff0,"A young man wearing glasses in a Hayao Miyazaki-inspired drawing style. He has short black hair and is dressed in a light blue and white striped shirt with a red tie. The background features a serene landscape with rolling hills, a clear blue sky, and fluffy white clouds. The scene is bathed in warm, golden sunlight, creating a peaceful and nostalgic atmosphere. The art style is detailed and vibrant, capturing the essence of Miyazaki's whimsical and enchanting world.",https://image.lexica.art/full_jpg/000526fa-1bc9-4573-bd64-047405a62ff0,512,768,lexica.art
83,00053679-2f55-471d-8b69-4f42cba47094,"A full-body shot of a green mantis-like creature with intricate mantid features, including large compound eyes, long antennae, and detailed wing structures. The illustration should be highly detailed, with a focus on the texture and patterns of the insect's exoskeleton. The background should have a soft, blurred effect with a gradient of warm and cool tones, creating a cinematic and dramatic atmosphere. The lighting should be dramatic, highlighting the creature's form and adding depth to its features. The overall style should be reminiscent of high-quality fantasy artwork found on ArtStation and CGSociety, with a strong emphasis on realism and attention to detail. The image should be rendered at 8k resolution for maximum clarity and impact.",https://image.lexica.art/full_jpg/00053679-2f55-471d-8b69-4f42cba47094,512,768,lexica.art
85,00053dad-0b4f-477a-b4e7-d14e4d945718,"A half-portrait of a steampunk Russian goddess mecha in the style of 'Horizon Zero Dawn' and 'League of Legends,' featuring intricate and elegant armor with golden accents and mechanical details. The character's expression is serene yet powerful, with a soft, ethereal glow illuminating her face. The background is a blend of futuristic and classical elements, creating a striking contrast. The artwork is highly detailed, with smooth, sharp focus and a digital painting style reminiscent of ArtStation concept art. The composition is balanced, with a strong emphasis on the character's intricate armor and the interplay of light and shadow. The overall mood is both majestic and mysterious, capturing the essence of a fusion between ancient and futuristic aesthetics.",https://image.lexica.art/full_jpg/00053dad-0b4f-477a-b4e7-d14e4d945718,512,768,lexica.art
86,00054bf8-a96a-4019-8250-a13838fe3963,"A vibrant claymation lemon monster character from the movie 'Legend,' with exaggerated features such as large eyes, sharp teeth, and a wide grin. The lemon has a textured surface with red spots and green accents on its feet, sitting on a yellow plate against a warm, softly lit kitchen background. The scene captures a playful and whimsical mood, reminiscent of stop-motion animation.",https://image.lexica.art/full_jpg/00054bf8-a96a-4019-8250-a13838fe3963,512,768,lexica.art
87,0005575f-2086-4c9b-91ff-dc17ac978462,"A super cute, adorable cartoon character resembling a baby wearing a bear costume. The character has large, expressive eyes with long eyelashes, a small nose, and a wide, open mouth showing a cheerful expression. The costume features a dark purple hood with golden ears and a zipper detail on the front. The character's body is orange, and it stands on golden feet. The background is a soft gradient of warm colors, creating a dreamy and surreal atmosphere. The lighting is soft and diffused, highlighting the character's features and giving the image a gentle, ethereal quality. The overall mood is whimsical and enchanting, reminiscent of trending artwork on ArtStation.",https://image.lexica.art/full_jpg/0005575f-2086-4c9b-91ff-dc17ac978462,512,768,lexica.art
88,00059736-1487-424b-a70b-2abbc050eba2,"A muscular blond woman with large legs stands confidently on a sandy beach, wearing a white bikini top and colorful bikini bottoms. Her long blonde hair flows freely, catching the sunlight. The background features a blurred ocean with gentle waves, and the sky is a gradient of warm hues, suggesting a late afternoon or early evening setting. The lighting is soft yet vibrant, highlighting her well-defined muscles and the texture of her skin. The overall mood is serene and glamorous, with a focus on her athletic physique and the natural beauty of the coastal environment.",https://image.lexica.art/full_jpg/00059736-1487-424b-a70b-2abbc050eba2,512,768,lexica.art
89,000597b9-368a-4491-bd13-0ec147735519,"A cute, small humanoid antelope character sitting in a cozy movie theater, enjoying a large striped bucket of popcorn while watching a film. The setting is warmly lit with soft, ambient lighting that creates a cinematic atmosphere. The antelope has expressive blue eyes and fluffy fur, with a playful and endearing expression. The theater seats are upholstered in a rich, warm brown leather, adding to the luxurious feel. The popcorn bucket is overflowing with golden, buttery kernels, and the scene is rendered with hyperrealistic detail using Unreal Engine 5, showcasing intricate textures and lighting effects. The overall mood is whimsical and charming, reminiscent of the art style of Mark Ryden and Hayao Miyazaki, with a touch of Pixar's signature animation finesse.",https://image.lexica.art/full_jpg/000597b9-368a-4491-bd13-0ec147735519,512,768,lexica.art
90,0005a664-4148-4524-85f2-2fc42cc70d19,"A majestic tiger wearing a construction helmet and safety vest, standing proudly in front of a futuristic, snow-covered train station at dusk. The train station features sleek, modern architecture with large, illuminated windows displaying intricate architectural models inside. The scene is bathed in warm, golden light from the interior, contrasting with the cool blue tones of the exterior and the snowy landscape. The sky is filled with dramatic clouds, adding a sense of depth and atmosphere to the image.",https://image.lexica.art/full_jpg/0005a664-4148-4524-85f2-2fc42cc70d19,512,768,lexica.art
91,0005ae94-5951-4c5e-8cc9-9d898796c002,"Create a vibrant portrait of Shakira wearing a sparkling red dress with intricate details. Her hair should be styled in voluminous waves, cascading down her shoulders. She should be adorned with large, elegant gold hoop earrings and a delicate necklace. The background should feature a soft, blurred gradient of blue and purple hues, creating a dreamy and ethereal atmosphere. The lighting should be warm and flattering, highlighting her radiant smile and smooth skin texture. Use a painterly style with rich, saturated colors and a high level of detail to bring out the essence of her beauty.",https://image.lexica.art/full_jpg/0005ae94-5951-4c5e-8cc9-9d898796c002,512,768,lexica.art
92,0005b6d5-80fb-4a09-afe9-2b1cdcdcfe04,"A sleek, modern motorcycle with vibrant teal and orange accents is being ridden by a rider wearing a full-face helmet and leather gear. The motorcycle is captured in motion on a winding road at sunset, with warm, golden light illuminating the scene. The background features blurred motion lines, emphasizing the speed of the ride. The overall style is dynamic and stylish, with a focus on the details of the motorcycle and the rider's attire.",https://image.lexica.art/full_jpg/0005b6d5-80fb-4a09-afe9-2b1cdcdcfe04,512,768,lexica.art
94,0005dd7d-522d-4789-b52e-cfcd32d9ca89,"Create a highly detailed anime-style illustration of a tall blonde woman standing full body. She has straight, chin-length hair adorned with intricate golden accessories. Her attire includes a luxurious leather corset with gold embellishments, a matching choker, and tall, ornate leather boots. The background should feature a dramatic sky with soft, glowing orbs floating around, adding a mystical and ethereal atmosphere. The lighting should be warm and focused on her, highlighting the textures and details of her outfit and skin. The overall mood should be regal and powerful.",https://image.lexica.art/full_jpg/0005dd7d-522d-4789-b52e-cfcd32d9ca89,512,768,lexica.art
95,00063504-dc83-49a7-9db1-a7a65a68ef19,"A vibrant desert clown stands confidently in front of a futuristic, cyberpunk gas station. The clown is dressed in a striking orange jumpsuit adorned with patches, paired with a tall, colorful top hat. The gas station features sleek, neon-lit pumps with a retro-futuristic design, set against a backdrop of rolling sand dunes bathed in warm, golden sunlight. The scene exudes a surreal, otherworldly atmosphere, blending elements of the desert with advanced technology. The lighting is dramatic, casting long shadows and highlighting the textures of the sand and the glossy surfaces of the gas station. The overall mood is one of mystery and intrigue, inviting viewers to ponder the story behind this unique character and setting.",https://image.lexica.art/full_jpg/00063504-dc83-49a7-9db1-a7a65a68ef19,512,768,lexica.art
96,000657d3-4843-465a-b3f4-01927b5db40e,"A black and white illustration of a group of seven people standing on a riverbank, silhouetted against the backdrop of a foggy cityscape. The individuals are gazing out at a sleek, modern boat sailing past them on the calm water. The city skyline features towering skyscrapers with intricate architectural details, some emitting plumes of smoke from their chimneys. The atmosphere is moody and atmospheric, with soft fog enveloping the lower portions of the buildings and reflecting off the water's surface. The scene is captured in a painterly style with high contrast and a sense of depth, emphasizing the interplay between light and shadow.",https://image.lexica.art/full_jpg/000657d3-4843-465a-b3f4-01927b5db40e,512,768,lexica.art
97,00065fc0-0b09-4f95-b8c7-6669e4697de7,"A vibrant and appetizing salad featuring tender slices of beef, fresh spinach leaves, and glossy mushrooms, all served in a rustic red bowl. The dish is garnished with a drizzle of balsamic glaze, enhancing its rich, earthy tones. The background is a rustic wooden table with a red napkin adding a pop of color, creating a warm and inviting atmosphere. The lighting is soft yet bright, highlighting the textures and colors of the ingredients, making the salad look incredibly fresh and delicious.",https://krea-prod-v1-generations.s3.us-east-1.amazonaws.com/images/00065fc0-0b09-4f95-b8c7-6669e4697de7.png,512,512,stablediffusionweb.com
98,00069832-ea69-4975-ab54-09cdf8d0c1d0,"A low-quality, grainy iPhone photo of Joe Biden standing ominously deep in a dense, foggy forest with a demonic smile on his face. The scene is captured through a trail cam, creating a creepy and eerie atmosphere. The trees are bare, adding to the unsettling ambiance, and the fog adds a layer of mystery and low visibility. The image has a vintage, almost horror movie feel, with muted colors and a slightly desaturated look.",https://krea-prod-v1-generations.s3.us-east-1.amazonaws.com/images/00069832-ea69-4975-ab54-09cdf8d0c1d0.png,1024,704,stablediffusionweb.com
99,0006a148-c893-47b3-8a20-0c876005862e,"A menacing, elderly witch woman with piercing eyes and a stern expression, wearing a dark, ornate hat adorned with gold accents. Her long, flowing white hair cascades down her shoulders, complementing her regal yet sinister attire. She stands against a dimly lit background with flickering candles casting eerie shadows, enhancing the ominous atmosphere. Her makeup is dramatic, with smoky eyeshadow and bold red lipstick, adding to her intimidating presence. The setting is a mystical, gothic interior, possibly a castle or a dark room, with a sense of foreboding and danger.",https://image.lexica.art/full_jpg/0006a148-c893-47b3-8a20-0c876005862e,512,768,lexica.art
