Unnamed: 0,id,prompt,url,width,height,source_site,similarity
371508,687c91c9-fedd-4364-9bb7-77e854e96355,"'A vintage radio with a digital display, set against a sunset backdrop featuring the Eiffel Tower. The scene is bathed in warm golden light, creating a nostalgic and serene atmosphere.'",https://image.lexica.art/full_jpg/687c91c9-fedd-4364-9bb7-77e854e96355,768,512,lexica.art,0.274422138929367
719813,cab1ec5d-d256-4b72-ba8c-9f3758284fe6,"'a large orange sculpture resembling a pumpkin with polka dots, placed on a pedestal in an urban setting with modern buildings in the background, bright daylight, vibrant colors, artistic style of Yayoi Kusama'",https://image.lexica.art/full_jpg/cab1ec5d-d256-4b72-ba8c-9f3758284fe6,512,768,lexica.art,0.2744186222553253
766953,d80f3eb4-f924-4fdf-b7c3-616d2111b1b4,"'cover of a Book of Shadows themed notebook. Include elements such as a book of shadows, candles, crystals, and other magical items. Use colors and fonts that reflect the witchy theme and create a cohesive and atmospheric design. You can also include illustrations or photographs of nature or other elements that are associated with the theme., hyper realistic, intricate detail'",https://image.lexica.art/full_jpg/d80f3eb4-f924-4fdf-b7c3-616d2111b1b4,1536,1024,lexica.art,0.2744183838367462
165641,2e9a1e85-01de-4005-a64b-70a66f7d95ae,"'Pope Benedict XVI in a grand cathedral, wearing his red zucchetto and white cassock, surrounded by ornate gold and red decorations, with soft natural light illuminating the scene, creating a solemn and reverent atmosphere.'",https://image.lexica.art/full_jpg/2e9a1e85-01de-4005-a64b-70a66f7d95ae,512,768,lexica.art,0.274418294429779
903143,fe9cfa06-c3e8-4554-925f-5624ebc5ae1f,"'warhammer character, epic, tragic, military art, fantasy, dieselpunk, hd shot, digital portrait, beautiful, artstation, comic style, by artgerm, guy denning, jakub rozalski, magali villeneuve and charlie bowater'",https://image.lexica.art/full_jpg/fe9cfa06-c3e8-4554-925f-5624ebc5ae1f,512,768,lexica.art,0.2744178175926208
511693,9008c8ee-b7da-4a12-9903-c0beb6f88f9b,"'A regal portrait of a king wearing a golden crown and a red sash, standing with arms crossed against a luxurious golden background. The image is rendered in a realistic style with intricate details and warm lighting, evoking a sense of grandeur and authority.'",https://image.lexica.art/full_jpg/9008c8ee-b7da-4a12-9903-c0beb6f88f9b,512,768,lexica.art,0.2744171321392059
802008,e1d9b2f0-de42-44be-a7f3-6eea027bd89b,"'A community organizer working for social justice, wearing a suit and tie, standing against a vibrant cityscape backdrop with modern buildings and a clear blue sky. The poster features bold typography and a professional yet approachable tone.'",https://image.lexica.art/full_jpg/e1d9b2f0-de42-44be-a7f3-6eea027bd89b,512,768,lexica.art,0.2744169235229492
73260,149c62e7-e159-41bb-a0f2-b9048c976166,"'dark gray stapler with metallic finish, modern design, compact size, easy to use, 20-sheet stapling capacity, high capacity staple magazine, non-slip base, adjustable stapling guide, easy to use on/off switch, low Staple and Staple Indicator Light, manufacturer's lifetime warranty'",https://image.lexica.art/full_jpg/149c62e7-e159-41bb-a0f2-b9048c976166,512,768,lexica.art,0.2744164168834686
697651,c473b6f4-c560-4da6-8ef2-63ca1eaa4097,"'full body portrait of a beautiful young female secretary, d & d, sleeveless turtleneck, pencil miniskirt, stockings, fantasy, flat lighting, intricate, highly detailed, digital painting, artstation, concept art, smooth, sharp focus, illustration, art by simon bisley and greg rutkowski and alphonse mucha, natural",https://image.lexica.art/full_jpg/c473b6f4-c560-4da6-8ef2-63ca1eaa4097,512,768,lexica.art,0.274413913488388
750165,d355a6fb-bcdd-4691-985a-40335c3749bf,"'a gold medal with a star in the center, an orange ribbon, warm orange color tones background, stylized digital illustration, video game icon art style'",https://image.lexica.art/full_jpg/d355a6fb-bcdd-4691-985a-40335c3749bf,640,640,lexica.art,0.2744131684303283
344975,60fac51d-5744-4ba2-9cce-c3c099330266,"'a red old man trying to sell a portrait, cheering crowd, in an old city square, in the style of beksinski, parts by edward hopper, parts by rodcenko, parts by yue minjun, intricate and epic composition, red by caravaggio, insanely quality, highly detailed, masterpiece, red light, artstation,",https://krea-prod-v1-generations.s3.us-east-1.amazonaws.com/images/60fac51d-5744-4ba2-9cce-c3c099330266.png,768,512,stablediffusionweb.com,0.2744118571281433
49857,0dfade5a-92a1-467f-b47c-ab1fddfc34fc,"'portrait of a young jaguar warrior, street pic, depth of field, zeiss lens, detailed, symmetrical, centered, fashion photoshoot, b & w, by frank miller, jim jarmusch, moebius, breathtaking, 8 k resolution, extremely detailed, beautiful, establishing shot, artistic, hyperrealistic, beautiful face,",https://image.lexica.art/full_jpg/0dfade5a-92a1-467f-b47c-ab1fddfc34fc,512,768,lexica.art,0.2744115889072418
654211,b8374b65-5a7d-41d1-bc27-07967bb1c3a1,"'an astronaut in a garden on a spring day, by martine johanna and simon stalenhag and chie yoshii and casey weldon and wlop : : ornate, dynamic, particulate, rich colors, intricate, elegant, highly detailed, harper's bazaar art, fashion magazine, smooth, sharp focus,",https://image.lexica.art/full_jpg/b8374b65-5a7d-41d1-bc27-07967bb1c3a1,512,768,lexica.art,0.2744112908840179
133405,259195f8-a1b7-42c3-b5c2-c71c526ba22c,'A Roman legion fighting a demon army on a battlefield covered in corpses. The leading Roman soldier holds a banner of the Legio XII Fulminata. The word Legion is written in the middle.',https://image.lexica.art/full_jpg/259195f8-a1b7-42c3-b5c2-c71c526ba22c,512,768,lexica.art,0.2744109630584717
12782,039241a3-611d-4c83-a291-357093cf3c76,"'a cute ghost type pokemon:: by beeple and James Gilleard and Justin Gerard :: ornate, dynamic, particulate, intricate, elegant, highly detailed, centered, artstation, smooth, sharp focus, octane render, 3'",https://image.lexica.art/full_jpg/039241a3-611d-4c83-a291-357093cf3c76,512,768,lexica.art,0.2744108438491821
81042,16cbe075-d91c-48f5-ae28-45a8b4cf8669,"'wide angle shot inca calender stone carvings intricate elegant highly detailed centered digital painting artstation concept art, by lois van baarle by sung choi by john kirby artgerm style pascal blanche and magali villeneuve'",https://krea-prod-v1-generations.s3.us-east-1.amazonaws.com/images/16cbe075-d91c-48f5-ae28-45a8b4cf8669.png,512,704,stablediffusionweb.com,0.2744097113609314
197194,3775b27f-8f12-44e2-a543-69ef7b72bf56,"'Hymn Book Jackson Pomerolo, a short-order man specializing in pancakes cooked within an inch of burning to crispy edges and overloading circuits; wears Hawaiian shirts open five inches showing lots of hairy chest, portrait'",https://krea-prod-v1-generations.s3.us-east-1.amazonaws.com/images/3775b27f-8f12-44e2-a543-69ef7b72bf56.png,512,512,stablediffusionweb.com,0.2744083404541015
25089,070392b2-b159-42b4-a5b7-5387f4579397,"'portrait painting of a cybernetic Atatürk with power armor, ultra realistic, concept art, intricate details, eerie, highly detailed, photorealistic, octane render, 8 k, unreal engine. art by artgerm and greg rutkowski and alphonse mucha'",https://image.lexica.art/full_jpg/070392b2-b159-42b4-a5b7-5387f4579397,512,768,lexica.art,0.2744081616401672
617945,ae0522ce-3b65-4fc6-a43d-d846798e8afd,"'Yoo Yoonjin as a cute elven girl with long braided hair adorned with a green leaf, wearing a traditional elven outfit, set against a warm, glowing lantern-lit background, with soft, natural lighting creating a serene and magical atmosphere.'",https://image.lexica.art/full_jpg/ae0522ce-3b65-4fc6-a43d-d846798e8afd,512,768,lexica.art,0.2744075059890747
813842,e53dd1d6-e430-4d01-bb6f-62525e3bda1d,"'Mars in a cyberpunk universe with neon lights, towering skyscrapers, and a red planet in the background. Futuristic cityscape with holographic advertisements and a dramatic sky.'",https://image.lexica.art/full_jpg/e53dd1d6-e430-4d01-bb6f-62525e3bda1d,512,768,lexica.art,0.2744073569774627
458585,8118b4c2-4c52-49c9-a9b4-acbf5a10b762,"'an Instagram ad for high-quality custom-made wood furniture, featuring realistic oak wood with a detailed modern aesthetic, hygge-inspired, with a minimalist setting and warm lighting'",https://image.lexica.art/full_jpg/8118b4c2-4c52-49c9-a9b4-acbf5a10b762,512,768,lexica.art,0.2744073271751404
790550,dea40b01-3562-42b1-91d6-61ff2f5531b3,'Designed by Sony. Futuristic Nintendo DS with Overwatch on the screen. Highly detailed digital art masterpiece. Detailed render. Sleek. Slim. Minimalism. Stunning design. Designed by Dieter Rams.',https://image.lexica.art/full_jpg/dea40b01-3562-42b1-91d6-61ff2f5531b3,512,768,lexica.art,0.2744060754776001
377338,6a289f74-b09f-4c42-be9d-a5578ff9d26d,"'A football player kicking a ball on a vintage-style trading card with a retro color palette, sharp focus on the player, detailed stadium background, and nostalgic typography.'",https://image.lexica.art/full_jpg/6a289f74-b09f-4c42-be9d-a5578ff9d26d,512,768,lexica.art,0.2744059562683105
383978,6c0528b6-6823-4de4-9817-66655821d590,"'a large, metallic skull with glowing eyes and sharp teeth, accompanied by a small, detailed rat, set against a dramatic sunset with rocky terrain in the background'",https://image.lexica.art/full_jpg/6c0528b6-6823-4de4-9817-66655821d590,512,768,lexica.art,0.2744053304195404
127920,23fab1f8-f1da-4634-9a43-e63453f7c4a5,'Paint a picture showing 5 planets. First planet is with zodiac star sign Sagittarius incorporated. Second planet a moon with Scorpio incorporated. Third planet a Ascendant with Gemini incorporated. Fourth planet a chinese snake incorporated. And fifth planet with the element fire as symbol incorporated',https://image.lexica.art/full_jpg/23fab1f8-f1da-4634-9a43-e63453f7c4a5,640,640,lexica.art,0.2744048833847046
641567,b49be969-4962-40d5-bf32-6b46b561c1f8,"'The elastic hero is a modern Greek superhero with the ability to stretch and contort his body in incredible ways. He has a tall and athletic build, with short, spiky hair and piercing, green eyes. The elastic hero's style is sleek and agile, with a focus on stretchy, form-fitting suits and high-tech gadgets. He wears a",https://image.lexica.art/full_jpg/b49be969-4962-40d5-bf32-6b46b561c1f8,512,768,lexica.art,0.2744036912918091
101597,1c9b1f94-cdca-4ad8-9276-3a0fb5bc3735,"'young redhead pale woman in dark and blue princess dragon armor, she stands under the arch of victory. by henriette ronner - knip, by william henry hunt, by rembrandt, by joseph mallord william turner, by konstantin razumov, concept art'",https://krea-prod-v1-generations.s3.us-east-1.amazonaws.com/images/1c9b1f94-cdca-4ad8-9276-3a0fb5bc3735.png,704,512,stablediffusionweb.com,0.2744030058383941
119616,21a10ad9-2277-4cca-88f2-84cfe613840d,"'portrait of a white deep house music producer wearing headphones, standing against a dark background with soft lighting, modern urban setting, detailed facial features, stylish hair, casual outfit'",https://image.lexica.art/full_jpg/21a10ad9-2277-4cca-88f2-84cfe613840d,512,768,lexica.art,0.274402379989624
406517,7254aa20-5902-427e-bbc9-03f0980315f6,"'a guerrilla cat walking hand in hand with a baby by an abandoned street, front view, key lighting, soft lights, foggy, 8 k render, detailed, cute cartoon style, warhammer 40k, water reflections'",https://image.lexica.art/full_jpg/7254aa20-5902-427e-bbc9-03f0980315f6,512,768,lexica.art,0.2744002938270569
214265,3c4ab76e-71e0-47e2-b30a-add5584b0e99,"'A happy family of three, with a newborn baby boy sleeping peacefully on his mother's chest, surrounded by warm, natural light, capturing the joy and gratitude of the parents and the old woman who assisted during the birth.'",https://image.lexica.art/full_jpg/3c4ab76e-71e0-47e2-b30a-add5584b0e99,512,768,lexica.art,0.2743999660015106
747207,d27ffa91-19f9-46ab-8a77-bf427dad5fc6,"'Marilyn Monroe as a homeless woman with long blonde curls, wearing a brown hat and red gloves, sitting on a bench in a dimly lit alleyway at night, with a somber expression, artistic style reminiscent of vintage film noir.'",https://image.lexica.art/full_jpg/d27ffa91-19f9-46ab-8a77-bf427dad5fc6,512,768,lexica.art,0.2743995487689972
759141,d5d88c49-7a0c-442e-a13c-bdfcf3bad18d,"'Small Business Owner’s Guide to Marketing on a Budget, infographic on tablet, colorful charts and graphs, wooden table background, modern design, clear and concise, budget-friendly solutions'",https://image.lexica.art/full_jpg/d5d88c49-7a0c-442e-a13c-bdfcf3bad18d,512,768,lexica.art,0.2743980884552002
384176,6c11c839-35fb-4d69-ad08-ab5e44b3b019,"'A vibrant poster for a university workshop featuring two individuals collaborating on a tablet. The design is modern and professional with bold typography and a clean layout. The background is a gradient of blue and green tones, creating a fresh and energetic atmosphere. The ICNI logo is prominently displayed at the bottom.'",https://image.lexica.art/full_jpg/6c11c839-35fb-4d69-ad08-ab5e44b3b019,512,768,lexica.art,0.2743980288505554
56717,0fe9f87d-b9af-4a9f-9755-f9806f8cd730,"'She greeted me as I fell in, colors mainly green in the matrix and bones dancing, what if your bones are made of gems, next smiling and laughing building blocks, extremely psychedelic macro, dof, lsd, microscopic, diffuse lighting, fantasy, intricate, elegant, highly detailed, organic, photorealistic, digital painting, artstation, illustration, concept",https://image.lexica.art/full_jpg/0fe9f87d-b9af-4a9f-9755-f9806f8cd730,512,768,lexica.art,0.2743957042694092
710533,c81f982c-bcc5-47e6-945f-58cd3e06b7e9,"'El Mensi brand fashion show with EL MENSI written in the font. El Mensi fashion brand is a celebration of Tunisian culture and tradition, modernity and timeless quality. The brand is known for its bold designs, use of quality fabrics and attention to detail. The El Mensi experience is one of luxury and sophistication, and its pieces are timeless works",https://image.lexica.art/full_jpg/c81f982c-bcc5-47e6-945f-58cd3e06b7e9,640,640,lexica.art,0.2743931710720062
418611,75ba77dd-3dd5-4aff-b647-546200286127,"'a drawing in the style of Leonardo da Vinci depicting a person in front of a mirror, with the reflection in the mirror being a light'",https://image.lexica.art/full_jpg/75ba77dd-3dd5-4aff-b647-546200286127,512,768,lexica.art,0.2743927240371704
545194,9991026e-912d-4b03-b183-88647fd03f1d,"'a beautiful bench looking at a serene landscape, at dusk, very detailed moody, matte painting, volumetric lighting, rocky, stunning detail, 4k, hd, clean, full of detail, sharp focus, rule of thirds by makoto shinkai, albert bierstadt, thomas moran, karol bak, trending on art",https://image.lexica.art/full_jpg/9991026e-912d-4b03-b183-88647fd03f1d,512,768,lexica.art,0.2743914723396301
335363,5e338e3e-eb4c-4055-a0a0-70f322b51b87,"'A stock trader in Europe, surrounded by multiple monitors displaying financial data, with a focus on a graph showing a significant drop in stock prices. The setting is a modern office with dim lighting, creating a tense atmosphere.'",https://image.lexica.art/full_jpg/5e338e3e-eb4c-4055-a0a0-70f322b51b87,512,768,lexica.art,0.2743909657001495
318951,598e1159-3409-49b2-8da6-e60470ea80b3,'Close-up of flaky apple pie on a white ceramic plate with a scoop of vanilla ice cream next to it. Lit by natural window light. Shallow depth of field.',https://image.lexica.art/full_jpg/598e1159-3409-49b2-8da6-e60470ea80b3,512,768,lexica.art,0.2743889987468719
143259,284e61ad-1871-408a-8f43-994dd67f8d43,"'Create a design for a Minecraft website with a pixel art style, featuring a landscape scene with trees, grass, and dirt blocks. Use a top-down perspective with a grid layout for the terrain. The color palette should include shades of green, brown, and blue. Add a modern touch with clean lines and minimalistic elements.'",https://image.lexica.art/full_jpg/284e61ad-1871-408a-8f43-994dd67f8d43,512,768,lexica.art,0.2743889689445495
61347,113fe4a7-88b8-4ac2-991c-089422523e25,"'monster of nature, creature made of wood and leaves, grim, protector of the swamp, the face made of wood and magic, bright eyes, long arms and legs, ominous, hiper detailed, 4k'",https://image.lexica.art/full_jpg/113fe4a7-88b8-4ac2-991c-089422523e25,512,768,lexica.art,0.2743889093399048
159303,2cd7e456-3e53-4508-b799-b17310b75911,"'a vibrant still life featuring a large, orange extraterrestrial pumpkin alongside bananas, tomatoes, oranges, and other fruits on a wooden table with dramatic lighting and deep shadows'",https://image.lexica.art/full_jpg/2cd7e456-3e53-4508-b799-b17310b75911,512,768,lexica.art,0.2743887901306152
624321,afcc6a70-a825-45fd-bf1b-5cca7c5a2fc2,"'top view, closeup, 3D rendering, old discontinued factory, rusty, white marble monument base, pipes, broken cables, dark, dirty, cobwebs, sand, dust, no glitter, chiaroscuro, 8k, cinematic, hyperrealism, high details, matte painting, trending on artstation, cgsociety, dark scene",https://image.lexica.art/full_jpg/afcc6a70-a825-45fd-bf1b-5cca7c5a2fc2,640,640,lexica.art,0.2743885517120361
584297,a49401a7-393e-47ed-889c-ae9791c79531,"'an ultra detailed oil desaturated painting a dark, gritty, grid shaped town. small buildings, muddy dirty roads, fantasy, medieval, wind, Christmas time, night, sad, unsettling atmosphere, inspiring 1820 British architecture, dark colors, sad colors, soft lighting, atmospheric, hyper realistic, cinematic, moody, in the style of Jak",https://image.lexica.art/full_jpg/a49401a7-393e-47ed-889c-ae9791c79531,768,512,lexica.art,0.2743879854679107
204633,399865b7-8546-44fa-8a71-2043f41fe84b,"'a de Stijl lover dreaming portrait, expressive art((lois van baarle, rossdraws)), oil painting, big strokes of paint brushes:: mixed media, nouveau style, trending on artstation as a masterpiece:: face of elegant young long hairstyle muse by sam guay, abigail larson and moebius, shades flat, art",https://image.lexica.art/full_jpg/399865b7-8546-44fa-8a71-2043f41fe84b,512,768,lexica.art,0.2743879556655884
306304,560d0316-44c2-48b0-8c63-52e08503f923,"'2 well built, clean shaven, masculine men, a blond european american and african american with an afro in white robes walking side by side down a illuminated forest path lined with 100 people towards an angelic being engulfed in light | | sunny, dreamlike art, mist, realistic shaded, smile, good looking, fine details,",https://image.lexica.art/full_jpg/560d0316-44c2-48b0-8c63-52e08503f923,512,768,lexica.art,0.2743856906890869
166379,2ecf2e3a-7164-4516-ad94-002c74b1033e,"'A cinematic scene from a movie directed by Akira Kurosawa and Andrei Tarkovsky, featuring a man from London eating an electric breakfast in a dimly lit, moody restaurant with vintage decor and ambient lighting.'",https://image.lexica.art/full_jpg/2ecf2e3a-7164-4516-ad94-002c74b1033e,512,768,lexica.art,0.274385541677475
664801,bb31b17a-0480-40a6-8856-c1500ab2c617,"'Disposable camera photo of a provocative techwear packed busy rundown nightclub, lots of people, males and females breakdancing, variety of sharp sparkly creepy masks, harnesses and garters, tactical vests and holsters, some people holding drinks or have robot limbs or have cybernetic mods, tattoos and piercings, retrofuturism, brutal",https://krea-prod-v1-generations.s3.us-east-1.amazonaws.com/images/bb31b17a-0480-40a6-8856-c1500ab2c617.png,704,512,stablediffusionweb.com,0.2743848860263824
869210,f4e96959-9762-466d-afb2-20db198f4f90,"'Rogue, brown hair, green eyes, stubble, young, athletic, slender, dark clothes, fair smooth skin, thin nose, by greg rutkowski, gil elvgren, glossy skin, pearlescent, anime'",https://image.lexica.art/full_jpg/f4e96959-9762-466d-afb2-20db198f4f90,512,768,lexica.art,0.2743834257125854
226817,3fcc929e-b4df-4e57-861a-e687e247e7b7,"'dreaming, surreal, by tvera, cassie sherlin, artist Dorothea Tanning, ""Spotify album cover"", professional ominous concept art, by artgerm and greg rutkowski, an intricate, elegant, highly detailed digital painting, concept art, smooth, sharp focus, illustration, in the style of simon stalen",https://image.lexica.art/full_jpg/3fcc929e-b4df-4e57-861a-e687e247e7b7,512,768,lexica.art,0.2743826508522033
434114,7a1ff00f-6b81-42c2-8b22-80a01183c8c9,"'Rip Pele, vibrant poster with a smiling face, wearing a cap, set against a cityscape background, dynamic lighting, nostalgic mood, detailed urban setting, high resolution'",https://image.lexica.art/full_jpg/7a1ff00f-6b81-42c2-8b22-80a01183c8c9,512,768,lexica.art,0.2743818461894989
852078,f0108ada-b332-45c7-b34a-21fe00e3946e,"'Sakura Haruno, a beautiful girl with pink hair and green eyes, injured with visible bleeding, a hand holding her face while crying, close-up portrait in Japanese anime style, highly detailed, award-winning'",https://image.lexica.art/full_jpg/f0108ada-b332-45c7-b34a-21fe00e3946e,640,640,lexica.art,0.2743817567825317
289207,5143288c-7d51-4a65-98d0-1ec0bcb96995,"'minimal & romantic approach to landscape art with a touch of surrealism, A demonic pact that tears your soul asunder, security rhox, cinematic, hyper realism, high detail, octane render, unreal engine, 8k, vibrant color, mage duel, fake 3D meshes, living in the database, by andrea chiampo and chet",https://krea-prod-v1-generations.s3.us-east-1.amazonaws.com/images/5143288c-7d51-4a65-98d0-1ec0bcb96995.png,512,512,stablediffusionweb.com,0.2743805646896362
682570,c036075d-d40a-49a3-b1b6-77461bae8796,"'credit card, screen touch, icons app, dramatic lighting, elegant, highly detailed, octane render, hyper-realistic, digital painting, artstation, concept art, fantasy art, smooth, sharp focus, illustration, 3d render, 8k, v2, horizontal, box, app, Renamer app icon, back of ipod'",https://image.lexica.art/full_jpg/c036075d-d40a-49a3-b1b6-77461bae8796,512,768,lexica.art,0.2743798494338989
661631,ba4ed5b2-9472-4344-8895-ebcb88290a03,"'portrait of one meadow metal horse by gaston bussiere, anna nikonova aka newmilky, greg rutkowski, yoji shinkawa, yoshitaka amano, tsutomu niehi, moebius, donato giancola, geoffroy thoorens, concept art, trending on artstation",https://image.lexica.art/full_jpg/ba4ed5b2-9472-4344-8895-ebcb88290a03,512,768,lexica.art,0.2743787169456482
592732,a6f6ec77-7cba-4f7d-8e82-2d9689c73a34,"'invoker wearing mountain talisman, art by Wendy Froud and Ian Miller, trending on artstation, back lighting first-person view tintype, odoured, photorealism, mandelbulb 3d, video game art'",https://krea-prod-v1-generations.s3.us-east-1.amazonaws.com/images/a6f6ec77-7cba-4f7d-8e82-2d9689c73a34.png,512,768,stablediffusionweb.com,0.2743762731552124
188688,35135827-9853-4975-b980-c81a6207877d,"'Mister Miracle sketch with sharp, angular lines and sleek, futuristic shapes. Cyberpunk style elements incorporated. Stable diffusion for precise details. Contours of his face and costume edges emphasized. Dynamic energy guiding the drawing.'",https://image.lexica.art/full_jpg/35135827-9853-4975-b980-c81a6207877d,512,768,lexica.art,0.2743760943412781
121602,222b9bfb-3c9e-461e-8dfb-7031ecc9e049,"'A modern website with a clean design featuring webinars, UI design, interface design, and a design concept. The color scheme includes white and orange shades, inspired by ArtStation. The website is rendered in a realistic style with high quality, in an 8k resolution.'",https://image.lexica.art/full_jpg/222b9bfb-3c9e-461e-8dfb-7031ecc9e049,768,512,lexica.art,0.2743754386901855
630142,b16d26e1-18f4-497c-8ef2-77e6262c1107,"'A colorful logo for the realistic happy cartoon kids imagination app called Storio.io Freedom, featuring a joyful family with a child dancing and focusing on education against a vibrant starry background.'",https://image.lexica.art/full_jpg/b16d26e1-18f4-497c-8ef2-77e6262c1107,512,768,lexica.art,0.2743753790855407
868724,f4c5b30b-5bd5-43d3-b99e-7a3ae7469f56,"'A login screen with a blue background, orange and yellow gradient at the bottom, a form for email and password input, a ""Sign In"" button, and a ""Remember Me"" checkbox.'",https://image.lexica.art/full_jpg/f4c5b30b-5bd5-43d3-b99e-7a3ae7469f56,512,768,lexica.art,0.2743752598762512
785110,dd1cfa0e-2ad6-48dd-a66c-5dbce974cede,"'A magical weapon that combines a staff and a sword. European broad sword, narrow blade, vertical running runes on the blade, inscriptions on the blade, highly detailed, 4 k, 8 k, intrinsic design, light purple aura, cinematic lighting, dark gray tint metal, octane render, artstation Medieval themed, high image quality, Dark atmosphere",https://image.lexica.art/full_jpg/dd1cfa0e-2ad6-48dd-a66c-5dbce974cede,512,768,lexica.art,0.274374783039093
91096,19a28eb1-7c96-4915-acd7-2fb8f689c5b4,"'Dibuja una ilustración al estilo gótico de pintores en su taller, 3 hombres y 2 mujeres de cuerpo entero. Los rostros deben tener en su lugar una plantilla plana con forma de óvalo. tonos sepia'",https://image.lexica.art/full_jpg/19a28eb1-7c96-4915-acd7-2fb8f689c5b4,512,768,lexica.art,0.2743744552135467
125784,235df9e7-5a91-4888-95ca-539a8d341943,"'a giant albino cyclopean one eye and the big mouth on its belly at rainforest, fantasy, elegant, crisp 8 k line art, digital painting, artstation, unreal engine, octane render, concept art, matte, sharp focus, hyper realistic lighting, illustration, art by zdzisław beksinski'",https://image.lexica.art/full_jpg/235df9e7-5a91-4888-95ca-539a8d341943,512,768,lexica.art,0.2743727266788482
141816,27e916ef-17c8-482e-b9ba-13aa5da6e4a9,"'A ghostly battle in the mystical kingdom of Nusantara at dusk, with ancient temples silhouetted against a fiery sky, casting long shadows on the sandy ground. The scene is bathed in warm orange and red hues, creating an eerie yet captivating atmosphere.'",https://image.lexica.art/full_jpg/27e916ef-17c8-482e-b9ba-13aa5da6e4a9,512,768,lexica.art,0.2743725776672363
216594,3cf5217d-c032-4308-811a-9be1b8907710,"'a beautiful blonde witch wearing a black leather dress and pointed hat, standing in front of a castle at sunset, with dramatic lighting and a mysterious mood'",https://image.lexica.art/full_jpg/3cf5217d-c032-4308-811a-9be1b8907710,512,768,lexica.art,0.2743715047836303
95115,1ac07c28-0cb0-4bdf-8bea-bc3f77f2894b,"'writing young reporter brunette tavern baroque oil painting rachel weisz ln illustration concept art lotr anime key visual portrait thick brown hair brown eyes fine detail delicate features gapmoe kuudere trending pixiv by victo ngai fanbox by greg rutkowski makoto shinkai takashi takeuchi studio ghibli, in the style of a",https://image.lexica.art/full_jpg/1ac07c28-0cb0-4bdf-8bea-bc3f77f2894b,512,768,lexica.art,0.2743701934814453
97954,1b90eb7c-f041-4765-ba1d-da402bf3a384,"'a vibrant portrait of a rock band named Pizza, featuring three muscular men with a large pizza slice in the center, wearing casual attire, against a bright blue background with bold yellow text, artistic style reminiscent of pop art, dynamic lighting highlighting the subjects, lively and energetic mood'",https://image.lexica.art/full_jpg/1b90eb7c-f041-4765-ba1d-da402bf3a384,512,768,lexica.art,0.2743683159351349
836779,ebc9a678-f5aa-4a46-96c0-d6f558c7a368,"'reflections of a beautiful peasant girl's face, film still by kubrick, depicted by herbert james draper, arnold bocklin, john william godward, sir lawrence alma - tadema. limited color palette, very intricate, highly detailed, minimalist'",https://krea-prod-v1-generations.s3.us-east-1.amazonaws.com/images/ebc9a678-f5aa-4a46-96c0-d6f558c7a368.png,704,512,stablediffusionweb.com,0.2743682861328125
215286,3c937740-bfe5-406b-a2b4-41ff82fc703c,"'ancient civilization soundscape, dvaram, mirage, rising tide, god of rain, terracotta, motus, empire, ancien regime, lapis lazuli, war and peace, autocatalytic, a universe awakened, beyond, vita gloriae, artifex'",https://krea-prod-v1-generations.s3.us-east-1.amazonaws.com/images/3c937740-bfe5-406b-a2b4-41ff82fc703c.png,512,512,stablediffusionweb.com,0.2743677496910095
295956,53260ca5-6875-46fb-9516-94eb11283263,"'hyperrealistic neo-rococo solarpunk aesthetic minimal planet. highly detailed digital art masterpiece, smooth cam de leon eric zener dramatic pearlescent soft light, white, ground angle hd 8k, sharp focus'",https://image.lexica.art/full_jpg/53260ca5-6875-46fb-9516-94eb11283263,512,768,lexica.art,0.2743671536445617
803465,e243fc51-f80f-437c-b652-85fea72752f4,"'drunk man in full length, with a bottle of Rasputin vodka in his left hand, steampunk, intricate armor, d&d, gold and silver, skylight, fantasy, elegant, high detail, digital painting, artstation trends, concept art, sharp focus, illustration'",https://image.lexica.art/full_jpg/e243fc51-f80f-437c-b652-85fea72752f4,512,768,lexica.art,0.2743659317493438
443644,7ccd3e09-0414-4abf-b392-d2c54d864742,"'solitude of wise old beautiful woman Sand Deity, under galactic quarrel minatory sky, in the style of Frank Frazetta, Jeff Easley, Caravaggio, extremely clear and coherent, clear lines, 8K resolution'",https://krea-prod-v1-generations.s3.us-east-1.amazonaws.com/images/7ccd3e09-0414-4abf-b392-d2c54d864742.png,1280,512,stablediffusionweb.com,0.2743657231330871
44657,0c898ed6-2b21-48d7-bd68-f31853662e9a,"'Um homem de chapéu caminha pela cidade enquanto a chuva cai ao seu redor. Ele segue seu caminho, protegendo-se do molhado com o chapéu enquanto desfruta da vista da cidade à medida que avança.'",https://image.lexica.art/full_jpg/0c898ed6-2b21-48d7-bd68-f31853662e9a,512,768,lexica.art,0.2743655443191528
277205,4dea4241-339a-4ef0-ab3e-033d1cfe3f23,"'A whimsical, surreal wine cellar with intricate geometric patterns, vibrant colors, and large windows, designed in the style of a polymorphic, cutest interior, magical and fantastical'",https://image.lexica.art/full_jpg/4dea4241-339a-4ef0-ab3e-033d1cfe3f23,512,768,lexica.art,0.2743647694587707
611807,ac427b3e-509a-493b-b501-f9434b08b1ae,"'The Impossibility Plague by Vincent DiFate. Del Rey paperback novel cover, 1967, retro sci-fi illustration, silhouetted figures against a starry sky, glowing planets, dramatic lighting, vintage typography'",https://krea-prod-v1-generations.s3.us-east-1.amazonaws.com/images/ac427b3e-509a-493b-b501-f9434b08b1ae.png,768,1024,stablediffusionweb.com,0.2743638455867767
51218,0e5c60a4-d5c9-4e16-944c-ef3c2ea090fa,"'A highly detailed, vibrant underwater scene with a man diving into a deep blue ocean, surrounded by swirling waves and colorful coral reefs, illuminated by soft, ethereal light.'",https://image.lexica.art/full_jpg/0e5c60a4-d5c9-4e16-944c-ef3c2ea090fa,512,768,lexica.art,0.2743623554706573
883241,f8e6d17a-c58e-428a-b875-ac7b911f2040,"'a goofy warrior with a large beard, wearing ornate armor, standing in a desert landscape under a dramatic sunset, with a playful expression and exaggerated features'",https://image.lexica.art/full_jpg/f8e6d17a-c58e-428a-b875-ac7b911f2040,512,768,lexica.art,0.2743622660636902
365332,66c0d036-e72b-432a-a841-51d6ab9f1345,"'octopus deity by jeffrey smith and wlop and gustave dore, featuring engine, circuitry, code, binary, cryptonomicon, dmt entity, ambient occlusion, 3d concept render, scientifically accurate, artstation, intricate, beautiful, look at that detail!'",https://krea-prod-v1-generations.s3.us-east-1.amazonaws.com/images/66c0d036-e72b-432a-a841-51d6ab9f1345.png,512,512,stablediffusionweb.com,0.2743619084358215
868921,f4d2d163-13b1-4e90-be21-d36c2ee9e562,"'Kjetil Aarseth in an elegant suit with a serene mountain landscape in the background, painted in a realistic style with soft lighting, evoking a sense of timeless beauty.'",https://image.lexica.art/full_jpg/f4d2d163-13b1-4e90-be21-d36c2ee9e562,512,768,lexica.art,0.2743618190288543
699627,c4ffae5d-7af2-4e19-b28f-a50a3f2bc72b,"'A young man with a stubble and dressed like an adventurer in long-sleeved, button-down shirts with a knife in one hand and a pistol in the other. Detailed image with great lighting and tension.'",https://image.lexica.art/full_jpg/c4ffae5d-7af2-4e19-b28f-a50a3f2bc72b,512,768,lexica.art,0.2743612825870514
422209,76ca0777-6ec3-4127-af0f-1170569d6218,"'Rebecca with a little piece of under wear from cyberpunk by ken sugimori, hyper detailed painting, style of laurie greasley, studio ghibli, akira toriyama, 4k, vibrant colors, deviantart, trending on artstation'",https://image.lexica.art/full_jpg/76ca0777-6ec3-4127-af0f-1170569d6218,512,640,lexica.art,0.2743600010871887
270417,4c096fe9-c8e7-4612-a075-1dcb3329bbd4,"'a futuristic space station with an indoor view of Earth, illuminated by warm neon lights, featuring a large hexagonal window revealing a vibrant blue planet, surrounded by sleek metallic surfaces and advanced technology, creating a sense of awe and wonder.'",https://image.lexica.art/full_jpg/4c096fe9-c8e7-4612-a075-1dcb3329bbd4,512,768,lexica.art,0.2743598222732544
81930,170a2742-4fb6-4260-9a94-51c38ef936d5,"'Egyptian female princess baroque oil painting anime key visual full body portrait character concept art, maid commander with flowing brunette hair red eyes, brutalist grimdark fantasy, kuudere noble dictator, trending pixiv fanbox, rule of thirds golden ratio, by greg rutkowski wlop makoto shinkai takashi takeuchi studio ghibli jam",https://image.lexica.art/full_jpg/170a2742-4fb6-4260-9a94-51c38ef936d5,512,768,lexica.art,0.2743570506572723
417200,75552623-2394-4825-b63f-de45482fb566,"'a serene river winding through lush green mountains, with a small boat sailing on the calm turquoise waters, surrounded by golden autumn trees, under a soft morning mist, in a painterly style'",https://image.lexica.art/full_jpg/75552623-2394-4825-b63f-de45482fb566,512,768,lexica.art,0.2743558883666992
831989,ea6dcf2a-9c5b-443c-a8d4-896961c2c863,"'beautiful character design, double exposure painting, front profile Female character with red hair, beautiful hair and confident, insanely detailed and intricate, elegant, watercolor, cinematic, portrait, raphaelite, headroom, pierre-auguste Renoir'",https://image.lexica.art/full_jpg/ea6dcf2a-9c5b-443c-a8d4-896961c2c863,512,768,lexica.art,0.2743558883666992
502156,8d5e02d1-b08e-406c-ad06-54e5dbcfea11,"'lonely young blonde man with piece of paper with text in hand, surreal metropolis, night lights, city square, skyscrapers, Chinese lamps and hieroglyphs on walls, crowd of people, hyperrealism'",https://image.lexica.art/full_jpg/8d5e02d1-b08e-406c-ad06-54e5dbcfea11,512,768,lexica.art,0.2743547558784485
276270,4da7028c-1d4a-4dc5-ac2a-52f6bcf9368c,"'a black figure in your bedroom standing in front of you and if you say one more word or one movement he will kill you, horror'",https://image.lexica.art/full_jpg/4da7028c-1d4a-4dc5-ac2a-52f6bcf9368c,512,768,lexica.art,0.2743543982505798
579525,a33a8907-0bdc-4b42-acb0-94c1815a680b,"'iridescent, scales, human hand, blues, textured, intricate, ornate, shadowed, pale muted colors, 3d, highly detailed, deco style, by tim burton, by dale chihuly, by hsiao-ron cheng, by cyril rolando, by h. r. giger, plastic, grid",https://image.lexica.art/full_jpg/a33a8907-0bdc-4b42-acb0-94c1815a680b,512,768,lexica.art,0.2743535041809082
169261,2f976613-4981-4d7d-88da-e1a9999edd5a,"'high quality close-up photo pearlescent moth! jeweled gorgeous! highly detailed david ligare elson peter cinematic high quality low angle hd 8k sharp shallow depth of field, photorealistic, intricate,'",https://image.lexica.art/full_jpg/2f976613-4981-4d7d-88da-e1a9999edd5a,512,768,lexica.art,0.2743522226810455
231005,40f86e2c-0587-45b3-a571-2c092d8ff60c,"'Kiyoko Suzuki, futuristic hairstyle, full body, medium shot, female anime character, from an otherworldy unknown undiscovered earth, shot from the ground by Yoshiyuki Sadamoto, otherwordly concept, photorealism 8k high detail Sigma 85 mm f 1.4 Studio Light Studio Ghibli, intricately detailed",https://krea-prod-v1-generations.s3.us-east-1.amazonaws.com/images/40f86e2c-0587-45b3-a571-2c092d8ff60c.png,512,512,stablediffusionweb.com,0.2743518054485321
388709,6d55152e-6798-4811-b83d-32dc42fd4d47,"'cybernetic grey giraffe with power armor, ultra realistic, concept art, intricate details, eerie, highly detailed, photorealistic, octane render, 8 k, unreal engine. art by artgerm and greg rutkowski and alphonse mucha'",https://image.lexica.art/full_jpg/6d55152e-6798-4811-b83d-32dc42fd4d47,512,768,lexica.art,0.2743511199951172
894229,fc1540c4-ad80-46f9-978b-125cad116a3b,"'Fotografía de Emma Watson como una Guerrera vikinga femenina saltando, cuerpo entero, fuerte, gritando, expresión enfurecida, ojos claros, melena larga y rubia, poco cubierta con atuendo vikingo, proporciones perfectas, cadera ancha,",https://image.lexica.art/full_jpg/fc1540c4-ad80-46f9-978b-125cad116a3b,512,768,lexica.art,0.2743511199951172
111644,1f6a6d17-ad92-4188-8f4d-1fd58f9b2d6a,"'a wild group of huge flowers, flowers with very long petals, glowing, vivid, detailed painting, by James Jean and Ross Tran, masterpiece, award winning painting'",https://image.lexica.art/full_jpg/1f6a6d17-ad92-4188-8f4d-1fd58f9b2d6a,768,512,lexica.art,0.2743505835533142
432950,79cba5fd-27b9-41b9-9670-26b9410078f0,"'as in prayer, all the arms to twelve, numerals built of coal, firewalk, pull me out of the shame, father time, forgive thy sins, showing mercy to abiding short-sightedness, i have been a fool to linger on this body, how could i ever escape, shackled to the nature of my sardonic phrase,",https://krea-prod-v1-generations.s3.us-east-1.amazonaws.com/images/79cba5fd-27b9-41b9-9670-26b9410078f0.png,1024,576,stablediffusionweb.com,0.2743497490882873
108016,1e6221dc-997f-444e-a80f-415dd7b43ec4,"'closeup Top view of a fallen monument inside an abandoned warehouse overgrown with vegetation, beautiful graffiti on all walls, by craig mullins, octane rendering, warm moody lighting, wide angle lens, low view, in the style of pixar animation, trending on artstation, 8k, cinematic, hyperrealism, high details,",https://image.lexica.art/full_jpg/1e6221dc-997f-444e-a80f-415dd7b43ec4,640,640,lexica.art,0.2743479609489441
193024,364ef200-3df9-46d6-8943-aee97db7eb8a,"'Liminal space in outer space, surreal painting by surrealist artist Gleeson, colorized, this grotesque, nightmarish composition symbolize the inner workings of the human mind. Called Psychoscape it shows liquid, solid and air coming together and directly alluding to the interface between the conscious, subconscious and unconscious mind. It incorporates the human form less",https://krea-prod-v1-generations.s3.us-east-1.amazonaws.com/images/364ef200-3df9-46d6-8943-aee97db7eb8a.png,512,512,stablediffusionweb.com,0.2743475139141083
828505,e96fe651-b4cc-4ce0-b7c7-cb48fb0af2d9,"'sleepy gamer boy with orange hair wearing a green and yellow striped shirt, holding a black gaming controller, sitting on a colorful couch, soft lighting, cozy atmosphere'",https://image.lexica.art/full_jpg/e96fe651-b4cc-4ce0-b7c7-cb48fb0af2d9,512,768,lexica.art,0.2743474245071411
434737,7a4daa96-df89-409b-98f4-bab10a53cf6a,"'a 50-years old scandinavian man in the year of 1700, wearing a red and gold coat with fur trim, standing against a cloudy sky, painted in a classical portrait style'",https://image.lexica.art/full_jpg/7a4daa96-df89-409b-98f4-bab10a53cf6a,512,768,lexica.art,0.2743473649024963
468333,83cf01b2-40af-4bac-afd3-1de0036afc85,"'close up picture of a beautiful and cute and aesthetic witch drinking the portion made of stained glass, model pose, bright color, sun shining through, sharp focus, highly detailed face, specular reflection, art by anato finnstark and lecouffe deharme and pete mohrbacher and quentin mabille and frank moth, fantasy illustration",https://krea-prod-v1-generations.s3.us-east-1.amazonaws.com/images/83cf01b2-40af-4bac-afd3-1de0036afc85.png,512,704,stablediffusionweb.com,0.2743473649024963
255216,47cea6f8-0e70-44b0-84d7-37ff695338e2,"'a picturesque countryside scene with rolling hills, vibrant green trees, a winding river, quaint houses nestled among the landscape, warm golden sunlight casting long shadows, serene and idyllic atmosphere'",https://image.lexica.art/full_jpg/47cea6f8-0e70-44b0-84d7-37ff695338e2,512,768,lexica.art,0.2743473052978515
49885,0dfc74ce-aeb0-4f69-9dfd-e19e26e1d882,"'an extremely detailed masterpiece of the sailing vessel bonhomme richard with canons discharging in early evening, in the style of george philip reinagle, epic scene, extremely moody lighting, glowing light and shadow, atmospheric, shadowy, cinematic, 4 k'",https://krea-prod-v1-generations.s3.us-east-1.amazonaws.com/images/0dfc74ce-aeb0-4f69-9dfd-e19e26e1d882.png,512,704,stablediffusionweb.com,0.2743470072746277
743774,d180de7c-c017-40ad-a451-d24febe1b8b9,"'A surreal renaissance scene in the style of Francis Bacon, Norman Rockwell, and James Jean, with a triadic color scheme, featuring an open ceiling, highly detailed, painted by Greg Rutkowski, blending elements of African art and Lenoid Afremov style, with airbrush technique.'",https://image.lexica.art/full_jpg/d180de7c-c017-40ad-a451-d24febe1b8b9,512,768,lexica.art,0.2743440866470337
499160,8c863daf-294f-4276-a13a-b9ece1cd5898,"'baroque medium shot futuristic vintage soldier robot baby pink sphynx cat with gemstone effect on the face, whole body, 1120's, snow interior artstation, detailed, cinematic, daz, hyper-realistic, octane, glitter lighting, snow falling'",https://image.lexica.art/full_jpg/8c863daf-294f-4276-a13a-b9ece1cd5898,512,768,lexica.art,0.2743434607982635
846727,ee8e9a48-7457-4b2e-bafa-d47e31ec80bc,"'portrait of an engineer woman programming the samsara holy cluster, fine portrait, concept art, stunning, visionary, hyper realistic, detailed, by brecht evens, by jean delville, by francis bacon, by victo ngai'",https://krea-prod-v1-generations.s3.us-east-1.amazonaws.com/images/ee8e9a48-7457-4b2e-bafa-d47e31ec80bc.png,512,768,stablediffusionweb.com,0.2743432223796844
661889,ba5f394b-fd46-45ab-98cb-0223db464708,"'cybernetic grey werewolf with power armor, ultra realistic, concept art, intricate details, eerie, highly detailed, photorealistic, octane render, 8 k, unreal engine. art by artgerm and greg rutkowski and alphonse mucha, fierce , in his natural form'",https://image.lexica.art/full_jpg/ba5f394b-fd46-45ab-98cb-0223db464708,512,768,lexica.art,0.2743415832519531
34919,09cc64ac-3fd9-4e09-85be-a57f90989f68,"'Portrait shot of a beautiful woman wearing a Venetian mask, shot using a Sony A1, 8k, soft light, volumetric lighting, highly detailed, fine art portrait photography in the style of Paolo Roversi, Britt Marling, 3/4 face merging with stormy clouds in metamorphosis, complex 3D render,",https://image.lexica.art/full_jpg/09cc64ac-3fd9-4e09-85be-a57f90989f68,512,640,lexica.art,0.2743414640426636
561106,9e1d3d95-afc2-44f6-b133-71376d5de052,"'Obama as a Madrid soccer player, wearing a white and green jersey with the number 8, running on a soccer field under bright stadium lights, dynamic action shot'",https://image.lexica.art/full_jpg/9e1d3d95-afc2-44f6-b133-71376d5de052,512,768,lexica.art,0.2743413746356964
108864,1ea3571a-c0a3-4278-880e-ba1aea7f2222,"'very cute Japanese idol with big eyes, small nose, small cheekbones, small chin, small face, wearing a yellow sweater, black hair, dramatic makeup, soft lighting, studio setting'",https://image.lexica.art/full_jpg/1ea3571a-c0a3-4278-880e-ba1aea7f2222,512,768,lexica.art,0.2743406593799591
486609,88f89536-f31f-4753-939b-c8b9068b0767,"'a surreal desert landscape with a large planet in the background, a night sky filled with stars, ancient ruins, glowing lights, ethereal atmosphere, dreamlike quality'",https://image.lexica.art/full_jpg/88f89536-f31f-4753-939b-c8b9068b0767,512,704,lexica.art,0.2743404507637024
701415,c5801a9e-8b5d-443e-b464-68fa43957784,"'minimal thick paint brush strokes of a thin athletic male physique doing pullup, minimalist line art, beautiful, flowing brush strokes, matte paint colors, thought provoking digital art trending on artstation'",https://krea-prod-v1-generations.s3.us-east-1.amazonaws.com/images/c5801a9e-8b5d-443e-b464-68fa43957784.png,512,768,stablediffusionweb.com,0.2743392586708069
115660,20830624-e451-47a4-8535-004881472992,"'a poster of a full body Scarlett Johansson sitting on a robotic chair in the desert, in the style of Adrian Ghenie, Esao Andrews, Jenny Saville, Edward Hopper, surrealism, dark art by James Jean, Takato Yamamoto, 1950 retro future art cubist designs borders lines decorations space machine, muted colors",https://image.lexica.art/full_jpg/20830624-e451-47a4-8535-004881472992,640,640,lexica.art,0.2743390500545501
306693,5629ae44-a522-4ef7-ae36-3d523153a456,"'an alien with an angled jaw, snarling, omniverous layered teeth, nostrils on the forehead, smooth bioluminescent skin, hunter gatherer holding an obsidian spear, mid length portrait photograph, highly detailed, high contrast lighting'",https://krea-prod-v1-generations.s3.us-east-1.amazonaws.com/images/5629ae44-a522-4ef7-ae36-3d523153a456.png,512,512,stablediffusionweb.com,0.2743386924266815
615582,ad56728a-a3ed-43ee-989a-72f92be00703,"'circular shape die cut sticker logo featuring a sports mascot animal illustration with bold orange and black colors, sharp lines, and a dynamic pose on a dark brown background'",https://image.lexica.art/full_jpg/ad56728a-a3ed-43ee-989a-72f92be00703,512,768,lexica.art,0.2743386626243591
820818,e73c64e1-8f4f-4622-8ec2-4690b936f9a7,"'shattered planet earth, broken, scenic, detailed, trending on artstation, sharp focus, studio photo, intricate details, hyperdetailed meticulously designed, cinematic lightning, concept art of detailed design by pascal blanche rutkowski'",https://image.lexica.art/full_jpg/e73c64e1-8f4f-4622-8ec2-4690b936f9a7,640,512,lexica.art,0.2743386030197143
385500,6c7086ea-9271-4ca3-8016-39fd9438088b,"'a logo for a film studio company named Oriami Shrift, featuring a stylized star design with a blue and gold color scheme, set against a gradient background with a sky dance theme, using the Cortana Shrifth font'",https://image.lexica.art/full_jpg/6c7086ea-9271-4ca3-8016-39fd9438088b,512,768,lexica.art,0.2743381857872009
625305,b00c33a6-6484-4aa9-a26b-9613a4b8b01a,"'portrait heavy metal guitarist, background epic scene, displaying in the background the moon and other planets and stars with fire, kilian eng vibrant colours, dynamic lighting, digital art, winning award masterpiece, fantastically beautiful, illustration, aesthetically, trending on artstation, art by Zdzisław Beksiński x Jean Michel Basquiat'",https://image.lexica.art/full_jpg/b00c33a6-6484-4aa9-a26b-9613a4b8b01a,512,768,lexica.art,0.2743376493453979
378809,6a934664-3e7d-48c1-989a-b4fb6c5d4faa,"'a strong man with a muscular build, wearing a blue suit with a star emblem, standing amidst a fiery explosion, dramatic lighting, intense mood, hyper-realistic style'",https://image.lexica.art/full_jpg/6a934664-3e7d-48c1-989a-b4fb6c5d4faa,512,768,lexica.art,0.2743360996246338
422863,76f8356f-768a-4e5d-80cf-5bbd77642c84,"'Vintage 60's anime style. Open air classroom; around friends and rivals; by Go Nagai, Greg Tocchini, Osamu Tezuka; sci-fi elements; vibrant colors; detailed line art'",https://image.lexica.art/full_jpg/76f8356f-768a-4e5d-80cf-5bbd77642c84,512,768,lexica.art,0.2743360698223114
184763,33f974a4-132c-4c1c-b08b-0dfb77ed84b1,"'a Victorian magician holding a lit candle, wearing a top hat and coat, standing on a dimly lit street at night, with smoke in the air, dramatic lighting, vintage style'",https://image.lexica.art/full_jpg/33f974a4-132c-4c1c-b08b-0dfb77ed84b1,512,768,lexica.art,0.2743336856365204
511412,8ff505a2-0ae0-4843-80d2-8b98dbca75a1,"'A serene sunset illuminates the grand courtyard of Nalanda University during the height of the Mauryan Empire, with intricate stone carvings and lush green gardens surrounding the central pathway.'",https://image.lexica.art/full_jpg/8ff505a2-0ae0-4843-80d2-8b98dbca75a1,512,768,lexica.art,0.2743332386016845
301,00151e80-24fc-4c01-b3a3-4c31bebafd22,"'in the dense motley autumn forest with vibrant orange and red foliage, a serene lake reflecting the golden hues of the trees, soft morning light filtering through the leaves, creating a tranquil and picturesque scene'",https://image.lexica.art/full_jpg/00151e80-24fc-4c01-b3a3-4c31bebafd22,768,512,lexica.art,0.2743316292762756
800727,e17c1fbd-2467-4681-aeeb-df0a32f89b93,"'realistic detailed portrait of a very beautiful pink haired ninja girl, in profile, by alphonse mucha, by milo manara, by arthur rackham, flowing wires with leaves, artgerm'",https://image.lexica.art/full_jpg/e17c1fbd-2467-4681-aeeb-df0a32f89b93,512,768,lexica.art,0.2743315100669861
348582,6200c4eb-ea79-4a2a-a6ea-b174185d24eb,"'a group of people wearing colorful hats walking down a city street, vibrant autumn leaves on the ground, urban setting with brick buildings, natural daylight, lively and dynamic scene'",https://krea-prod-v1-generations.s3.us-east-1.amazonaws.com/images/6200c4eb-ea79-4a2a-a6ea-b174185d24eb.png,512,512,stablediffusionweb.com,0.2743302285671234
860511,f27223d5-4df7-4c31-8711-5c60659ed8de,"'Dwayne Johnson pointing his finger in a stadium with bright lights, wearing a black tank top and a watch, detailed muscles, dramatic lighting, intense expression'",https://image.lexica.art/full_jpg/f27223d5-4df7-4c31-8711-5c60659ed8de,512,768,lexica.art,0.2743300199508667
739296,d0364b68-6171-4aaa-8aa6-810325032b8e,"'Tom Holland as a rough dirty old man with a scruffy beard in a dark blue trenchcoat as the new Doctor Who, cinematic, volumetric lighting, f 8 aperture, cinematic Eastman 5 3 8 4 film, photorealistic'",https://krea-prod-v1-generations.s3.us-east-1.amazonaws.com/images/d0364b68-6171-4aaa-8aa6-810325032b8e.png,512,512,stablediffusionweb.com,0.2743297815322876
450531,7eca5d14-ecde-4828-9907-c87dc5b2c04a,"'death, holding a baby in one hand and an elderly person in the other, in a dimly lit room with vintage furniture, melancholic mood, dark tones, dramatic lighting'",https://image.lexica.art/full_jpg/7eca5d14-ecde-4828-9907-c87dc5b2c04a,640,640,lexica.art,0.2743295133113861
343189,60760070-c05e-49b9-af49-17e33a67738b,"'Steve Vai sitting next to a friendly lion inside the Metropolitan Museum of Art in New York, standing:0.901, solo:0.900, centered composition:1.000, very soft light, cinematic photography, cinematic composition, very detailed textures'",https://image.lexica.art/full_jpg/60760070-c05e-49b9-af49-17e33a67738b,768,512,lexica.art,0.274328202009201
222933,3eb567ad-2c52-4fda-b0e9-6e62b0748eb4,'a single brain watching a movie by johannen voss by francis bacon by peter kemp by octane suspended in the sky above a stormy sea with whitish crashing waves on the deserted beach rendered in blender 8k isometric depth of field',https://image.lexica.art/full_jpg/3eb567ad-2c52-4fda-b0e9-6e62b0748eb4,512,768,lexica.art,0.2743278741836548
156922,2c2a7849-1545-4366-ac75-494dc3b33f0d,"'fallout 5, charismatic beautiful rugged brunette female protagonist, portrait, outdoors in Anchorage, atmospheric lighting, painted, intricate, volumetric lighting, beautiful, dusk, overcast weather, sharp focus, deep colours, ultra detailed, by leesha hannigan, ross tran, thierry doizon, kai carpenter, ignacio fernandez",https://krea-prod-v1-generations.s3.us-east-1.amazonaws.com/images/2c2a7849-1545-4366-ac75-494dc3b33f0d.png,512,512,stablediffusionweb.com,0.2743275761604309
438723,7b6cb378-104a-4ac2-8578-5c2c307defab,"'Create a Counter Strike logo for a site with a modern, sleek design featuring a gun silhouette, bold typography, and vibrant colors. The logo should have a high-tech, futuristic feel with sharp lines and a dynamic composition.'",https://image.lexica.art/full_jpg/7b6cb378-104a-4ac2-8578-5c2c307defab,512,768,lexica.art,0.2743263244628906
259396,48f3c46e-6341-4fed-b71a-fbef0a80b9c7,"'oil painting of a hostage situation with a gun, cartoon style by artgerm, hd, hdr, ue 5, ue 6, unreal engine 5, realistic anime 3d style, cinematic 4k wallpaper, 8k, ultra detailed, gta cover art, high resolution, artstation, award-winning'",https://image.lexica.art/full_jpg/48f3c46e-6341-4fed-b71a-fbef0a80b9c7,512,768,lexica.art,0.2743263244628906
660430,b9fa1dd0-51a5-4a1b-8f67-027c1078ed49,"'a geisha with European features entering a Japanese pine forest, by Range Murata, a big red sun in the background, stunning, matted, Paul Gauguin, Van Gogh'",https://image.lexica.art/full_jpg/b9fa1dd0-51a5-4a1b-8f67-027c1078ed49,512,768,lexica.art,0.2743257284164428
159072,2cc86aaf-5252-461a-9098-994c73ed8ddd,"'wide angle environmental shot of evil cyborg in a cluttered and messy shack, chaotic shack in background, vibrant, photo realistic, realistic, dramatic, dark, sharp focus, 8k'",https://image.lexica.art/full_jpg/2cc86aaf-5252-461a-9098-994c73ed8ddd,512,640,lexica.art,0.2743249535560608
233425,41ac6635-df7a-494e-9726-f15b47f5d16c,"'art by Henri Matisse of a huge garden, under a green arch in a blue room, surrounded by Christmas trees in snow, snow in the garden, Christmas trees with gifts under it, a woman with deer antlers on her head in the middle, stars by Henri Matisse'",https://image.lexica.art/full_jpg/41ac6635-df7a-494e-9726-f15b47f5d16c,576,512,lexica.art,0.2743240892887115
678124,befb67d6-afdc-4501-bdb5-62b5ca9579bb,"'a goth girl with long black hair, wearing a black leather jacket, holding a golden hammer over a piece of paper, dramatic lighting, dark background, gothic art style'",https://image.lexica.art/full_jpg/befb67d6-afdc-4501-bdb5-62b5ca9579bb,512,768,lexica.art,0.27432382106781
682124,c0164322-1e5a-4ef9-a43d-7545a069d017,"'a sentient android made of wood, by royalists bejeweled, made of gold, by divine, ian, ultra wide, fine, divine, chic, ultra wide, cosmic wavetracing, royal life the'",https://krea-prod-v1-generations.s3.us-east-1.amazonaws.com/images/c0164322-1e5a-4ef9-a43d-7545a069d017.png,512,512,stablediffusionweb.com,0.2743237018585205
523603,9372ac30-bb03-495f-8c7a-93925b58ddd0,"'Nurse checking vitals of a patient in an operating room, cardiac monitor shows abnormal rhythm with a glowing green line, fog, abandoned hospital, highly detailed, 4K'",https://krea-prod-v1-generations.s3.us-east-1.amazonaws.com/images/9372ac30-bb03-495f-8c7a-93925b58ddd0.png,512,512,stablediffusionweb.com,0.2743234932422638
27229,079ea021-aa88-493c-9903-3e5842b5f46f,"'a boy and a girl standing next to each other, both wearing futuristic robot suits, facing forward, with detailed mechanical features and glowing lights, in a dimly lit space station setting'",https://image.lexica.art/full_jpg/079ea021-aa88-493c-9903-3e5842b5f46f,512,768,lexica.art,0.2743234634399414
381971,6b74b3ca-51d2-4f19-bda6-50f47c7235f5,"'vertical film frame, a monument to an old Soviet soldier with a gray long beard, in his hands a huge sword and shield with the coat of arms of the USSR, trampling on a broken swastika with his feet, ominous fog around, giger interior design, architectural design, vintage, liminal aesthetics, dreamcore, clean lines, wide angle",https://image.lexica.art/full_jpg/6b74b3ca-51d2-4f19-bda6-50f47c7235f5,512,768,lexica.art,0.2743228077888489
575621,a2278fdd-abce-4f2b-8b8e-f91214ee6a42,"'atlantis, studio ghibli, pixar and disney animation, sharp, rendered in unreal engine 5, highly detailed, digital painting, artstation, concept art, smooth, sharp focus, illustration, wide angle, artbook, wallpaper, splash art, promo art, dramatic lighting, art by artgerm and greg rutkowski'",https://image.lexica.art/full_jpg/a2278fdd-abce-4f2b-8b8e-f91214ee6a42,512,768,lexica.art,0.2743224501609802
7824,022e6aee-3ee1-4ff2-8325-c172f837144e,"'portrait of a dark-skinned male god with glowing white eyes and a military cut, short hair, third person, D&D, 18 yo, dark-skinned boy, african boy, manly, white colored eyes, white eyes, white iris, sci fi fantasy, intricate, richly detailed colored art by Range Murata, highly detailed, anime",https://image.lexica.art/full_jpg/022e6aee-3ee1-4ff2-8325-c172f837144e,512,768,lexica.art,0.2743222117424011
111979,1f802e73-62d2-49c9-8711-9fe3611c341b,"'a photo of canine Karl Marx as a dog, barking about the failures of capitalism and how the fat cats are creating a rat race of exploitation. how does one write a manifesto with those paws though?'",https://krea-prod-v1-generations.s3.us-east-1.amazonaws.com/images/1f802e73-62d2-49c9-8711-9fe3611c341b.png,640,512,stablediffusionweb.com,0.2743215560913086
741977,d0fbdaa1-6476-4b99-8c7d-c056b861e1c8,"'simplistic brain lightning, ""M"" logo, 2d, vector art, geometric design, minimalistic, 2d design, retro, fb logo, youtube logo, company logo, 2d rendered, symmetry, highly detailed, recognizable, iconic, printable, poster'",https://image.lexica.art/full_jpg/d0fbdaa1-6476-4b99-8c7d-c056b861e1c8,1280,1280,lexica.art,0.2743211388587951
709087,c7b2fb38-99b0-4ccb-822f-3c985e205de0,"'A modern and clean WhatsApp chat interface with a scenic photo at the top, a detailed paragraph about the story below, and three horizontal buttons at the bottom for player decisions.'",https://image.lexica.art/full_jpg/c7b2fb38-99b0-4ccb-822f-3c985e205de0,512,768,lexica.art,0.2743207812309265
500576,8cea96b2-a2c4-4877-8e53-9e44c26af8c3,"'draconian sphinx, intricate, elegant, highly detailed, centered, digital painting, artstation, concept art, smooth, sharp focus, illustration, art by artgerm and donato giancola and joseph christian leyendecker, ross tran, wlop, castle background'",https://image.lexica.art/full_jpg/8cea96b2-a2c4-4877-8e53-9e44c26af8c3,512,768,lexica.art,0.2743207514286041
868586,f4bc6c00-6bad-4636-b7f0-6c7c29065893,"'beautiful studio photograph of colorful portrait photography one caucasian man with square glasses and bun, beautiful symmetrical face accurate face detailed face realistic proportions by ron mueck and matthew barney and greg rutkowski, hysterical realism intense cinematic lighting shocking detail 8 k, hyperrealistic, realistic light and shadows'",https://image.lexica.art/full_jpg/f4bc6c00-6bad-4636-b7f0-6c7c29065893,512,768,lexica.art,0.2743198871612549
636929,b34d2cc9-9bb8-43ab-9bbc-e89106873e7d,"'a realistic film HD high quality depth of field color closeup photograph of a freshly severed human foot wearing a black leather shoe, in the style of a 1980s horror movie'",https://krea-prod-v1-generations.s3.us-east-1.amazonaws.com/images/b34d2cc9-9bb8-43ab-9bbc-e89106873e7d.png,1216,512,stablediffusionweb.com,0.2743194997310638
174004,30ec703f-3394-4124-ab17-1f9dc3fc3d9f,"'human berserker man with pointed ears, olive skin colour, white hair and a trim beard, big forehead, dopey expression, athletic, fantasy character portrait by greg rutkowski, gaston bussiere, craig mullins'",https://image.lexica.art/full_jpg/30ec703f-3394-4124-ab17-1f9dc3fc3d9f,512,768,lexica.art,0.2743186354637146
534561,968cfb0d-d843-45b8-aba6-bd982747a648,"'A fantasy warrior is brandishing a black sword, in a mystical forest, Anime, ((Sword Art Online)), Reki Kawahara, Abec style illustration, young woman, ((amazonian)), in (robes),(watercolor),Digital art, trending on artstation'",https://image.lexica.art/full_jpg/968cfb0d-d843-45b8-aba6-bd982747a648,512,768,lexica.art,0.2743185460567474
584544,a4a485f0-7afa-4d3c-b8b3-e385be3ba141,"'hybrid between colorful spider & red owl, round head, front view, glowing eyes, horror movie style, intercrossed animal, by zdzislaw beksinski, by lewis jones, by mattias adolfsson, cold hue's, warm tone gradient background, concept art, beautiful composition, digital painting,  red glowing eyes,",https://image.lexica.art/full_jpg/a4a485f0-7afa-4d3c-b8b3-e385be3ba141,768,512,lexica.art,0.2743183970451355
211587,3b8917e4-8093-48d5-b27a-cf5c50d98310,"'a portrait of a real estate broker wearing a navy blue suit with a light blue tie, standing confidently with arms crossed against a warm-toned background, exuding professionalism and approachability'",https://image.lexica.art/full_jpg/3b8917e4-8093-48d5-b27a-cf5c50d98310,512,768,lexica.art,0.2743160724639892
344799,60eec516-2863-486b-b8db-328d9496d9ab,"'Hollywood nightclub flyer with a circus theme, event called Renaissance, vibrant colors, bold typography, circus tent backdrop, glamorous woman in red dress, dynamic lighting, festive mood'",https://image.lexica.art/full_jpg/60eec516-2863-486b-b8db-328d9496d9ab,512,768,lexica.art,0.2743160128593445
574956,a1f5cb70-77bf-45d1-9cb6-d1e9224466f6,"'complex 3d render ultra detailed of a real face camera natalie portman face, biomechanical cyborg, analog, 150 mm lens, beautiful natural soft rim light, big leaves and stems, roots, fine foliage lace, colorful details, massai warrior, Alexander Mcqueen high fashion haute couture, pearl earring, art",https://image.lexica.art/full_jpg/a1f5cb70-77bf-45d1-9cb6-d1e9224466f6,512,768,lexica.art,0.2743159532546997
308361,56a0515f-7b38-48b9-a2a3-d6b51948b0e1,"'Create a logo for Multi Modus, an administrative services company for small businesses. The logo should be modern, professional, and visually appealing with a color scheme of blue and orange. Include the company name ""Multi Modus"" prominently.'",https://image.lexica.art/full_jpg/56a0515f-7b38-48b9-a2a3-d6b51948b0e1,512,768,lexica.art,0.2743153572082519
282332,4f5d18ce-9366-4a63-b3cc-e5686d994dbf,"'lonely blond man with book running away, surreal metropolis, city square, skyscrapers, night lights, Chinese hieroglyphs on walls, tension and fear, crowd of people, Minsk, hyperrealism'",https://image.lexica.art/full_jpg/4f5d18ce-9366-4a63-b3cc-e5686d994dbf,512,768,lexica.art,0.274314820766449
362815,6608e5e5-d2b5-4dc6-a203-fcc3cd8bfb79,"'a modern computer setup with two monitors, a keyboard, mouse, and a phone on a desk, with a vibrant blue and white galaxy wallpaper on one monitor and a yellow and orange abstract design on the other, ambient blue LED lights, clean and organized workspace'",https://krea-prod-v1-generations.s3.us-east-1.amazonaws.com/images/6608e5e5-d2b5-4dc6-a203-fcc3cd8bfb79.png,512,512,stablediffusionweb.com,0.2743139266967773
345314,61133a9c-08c3-46d9-8326-6eabbde01f81,"'a beautiful samurai shaved head male archer taming a dragon, intricate, sharp focus, illustration, highly detailed, digital painting, concept art, matte, art by WLOP and Artgerm and Greg Rutkowski and Alphonse Mucha, masterpiece'",https://image.lexica.art/full_jpg/61133a9c-08c3-46d9-8326-6eabbde01f81,512,768,lexica.art,0.2743132710456848
216205,3cd76fb4-3510-450a-b265-42f067f2d5c5,"'A sleek, modern logo design of a futuristic bridge for a smart Artificial Intelligence, set against a serene night sky with glowing lights reflecting on calm waters, artistic style: minimalist yet bold, setting: futuristic cityscape, lighting: warm golden glow, mood: innovative and advanced, artistic technique: clean lines and sharp contrasts.'",https://image.lexica.art/full_jpg/3cd76fb4-3510-450a-b265-42f067f2d5c5,512,768,lexica.art,0.2743124961853027
587999,a59b00e3-3e3c-4a94-ad52-95118c6e3554,"'realistic photo of a plate of tartiflette with golden-brown crust, creamy potatoes, crispy bacon bits, garnished with parsley, served on a blue plate with a glass of beer in the background'",https://image.lexica.art/full_jpg/a59b00e3-3e3c-4a94-ad52-95118c6e3554,768,512,lexica.art,0.2743123769760132
40651,0b62e9d0-3472-47ff-a454-9df8f34c3455,"'a flying bike, the bike is flying in the air, the photo was taken from the ground looking up at the sky, realistic, ultra high detail, 8k'",https://image.lexica.art/full_jpg/0b62e9d0-3472-47ff-a454-9df8f34c3455,512,768,lexica.art,0.2743118405342102
743804,d18217b8-7451-44f1-9ad9-20fc8f1fd200,"'a highly detailed portrait of a black man looking confused, unaware of his surroundings, magnificent, photographic realistic background, by atey ghailan, by greg rutkowski, by greg tocchini, by james gilleard, by joe fenton, by kaethe butcher, trending on instagram, award winning details'",https://krea-prod-v1-generations.s3.us-east-1.amazonaws.com/images/d18217b8-7451-44f1-9ad9-20fc8f1fd200.png,512,704,stablediffusionweb.com,0.2743116915225982
516152,9154cfa6-dbe1-4c49-8e50-676cc0ecb5de,"'a dimly lit Stockholm bar with a man playing a grand piano, surrounded by a double bass and a trumpet, jazz music playing in the background, 70s atmosphere, smoke filling the air, dark and mysterious ambiance, gritty and dirty setting'",https://image.lexica.art/full_jpg/9154cfa6-dbe1-4c49-8e50-676cc0ecb5de,512,768,lexica.art,0.2743113338947296
551352,9b56b26b-ecea-4786-bd43-b8af4c442e12,"'A lawyer in a suit meticulously reviewing a contract at his desk with a pen in hand, surrounded by legal documents and a quiet office setting.'",https://image.lexica.art/full_jpg/9b56b26b-ecea-4786-bd43-b8af4c442e12,512,768,lexica.art,0.2743104696273803
242913,445a820c-bda0-4929-b2a2-5082d427d646,"'Create a simple, modern, and professional logo for GeneAi that incorporates elements such as a quill pen, a lamp, and other symbols of knowledge, creativity, and enlightenment. The color scheme should be vibrant and professional, with a focus on blue, purple, and gold. The logo should be scalable and versatile and should effectively capture the essence and mission of",https://image.lexica.art/full_jpg/445a820c-bda0-4929-b2a2-5082d427d646,640,640,lexica.art,0.2743095755577087
835869,eb842caa-c89b-4978-9878-1b5fc2d05706,"'reek of putrefaction and symphonies of sickness, ominous apocalyptic background, hyperrealism, realistic, dramatic lighting, octane render, highly detailed, cinematic lighting, cinematic, art by rubens and rembrandt'",https://krea-prod-v1-generations.s3.us-east-1.amazonaws.com/images/eb842caa-c89b-4978-9878-1b5fc2d05706.png,1216,832,stablediffusionweb.com,0.2743094861507416
381697,6b62a88b-4b77-41e4-8a5e-a6cd060101ae,"'portrait of a photographer taking a photo with a camera, wearing a yellow jacket and a black beanie, standing outdoors near a window, natural light, moody atmosphere'",https://image.lexica.art/full_jpg/6b62a88b-4b77-41e4-8a5e-a6cd060101ae,512,768,lexica.art,0.2743094265460968
522068,9303f095-e1e4-4595-83b7-c8fda1d79a8f,"'A couple in love at a romantic dinner setting with candles, soft lighting, and a glass of champagne. The man is wearing a suit and tie, while the woman is in a white dress. The background features a cozy restaurant with warm tones and intimate decor.'",https://image.lexica.art/full_jpg/9303f095-e1e4-4595-83b7-c8fda1d79a8f,512,768,lexica.art,0.2743093371391296
769858,d8dd2b75-26e6-45ae-a256-3a59628cb756,"'a beautiful and insanely detailed matte painting of an advanced sprawling civilization with surreal architecture designed by akihiko yoshida! and zaha hadid, whimsical!!, epic scale, intricate details, sense of awe, elite, fantasy realism, complex layered composition!!'",https://image.lexica.art/full_jpg/d8dd2b75-26e6-45ae-a256-3a59628cb756,640,512,lexica.art,0.2743078768253326
212313,3bbb2553-cd9c-498e-a326-c9b3311f437a,"'A pendant featuring a heart-shaped natural garnet stone with VVS1 clarity and an ideal cut, set in a three-prong yellow gold setting. The pendant is illuminated by soft lighting against a dark background that complements the vibrant red color grade of the garnet.'",https://image.lexica.art/full_jpg/3bbb2553-cd9c-498e-a326-c9b3311f437a,512,768,lexica.art,0.2743074595928192
816056,e5ddcfcc-16e2-4337-83ce-2eccfc7d25af,"'Cover for ""Goal Getters"" by Jan Tulis. A vibrant orange sphere with a glowing core against a serene sunset landscape. The title ""GICO LA1L"" is prominently displayed in bold, modern typography. The overall mood is motivational and aspirational.'",https://image.lexica.art/full_jpg/e5ddcfcc-16e2-4337-83ce-2eccfc7d25af,512,768,lexica.art,0.2743071317672729
765647,d7b06f1d-fc35-4eb7-bd22-f29d9c8ba6cc,"'Buenaventura Durruti as a Spanish Civil War miliciano, standing confidently in uniform with a stern expression, set against a backdrop of a historic city square, detailed military insignia, realistic textures, dramatic lighting, mid-20th century style, high resolution'",https://image.lexica.art/full_jpg/d7b06f1d-fc35-4eb7-bd22-f29d9c8ba6cc,512,768,lexica.art,0.2743053734302521
560151,9dd84d12-61a0-4c01-bbeb-476bca47ac54,"'A sleek, modern webpage design for an AI startup created by John Ive, featuring a minimalist layout with a blue and white color scheme, clean typography, and a professional aesthetic on a desktop screen.'",https://image.lexica.art/full_jpg/9dd84d12-61a0-4c01-bbeb-476bca47ac54,512,768,lexica.art,0.2743047475814819
551537,9b647485-fc87-4b45-9896-856aed015f6d,"'Vintage 90's anime sci-fi screenshot from the film ""Portal to The Moon"", two characters in space suits, vibrant colors, dramatic lighting, Earth in the background, retro futuristic style'",https://image.lexica.art/full_jpg/9b647485-fc87-4b45-9896-856aed015f6d,512,768,lexica.art,0.2743046879768371
758912,d5c7d55c-5959-4ef2-a498-a8d241f56104,"'dreaming art by astri lohne style matte painting, detailed cosmological worlds filled with allegorical and contemporary imagery, neoplasticism art, hand drawn, doodle hand drawn, doodle art, art by william morris'",https://krea-prod-v1-generations.s3.us-east-1.amazonaws.com/images/d5c7d55c-5959-4ef2-a498-a8d241f56104.png,512,512,stablediffusionweb.com,0.2743045687675476
435374,7a7b7874-f95d-4a50-b687-904cfbac75b2,"'photo realistic, selfie of the Lubavitcher Rebbe Menachem Schneerson at the Western Wall, wearing traditional black hat and robe, smiling warmly, stone wall background, natural daylight, serene atmosphere'",https://krea-prod-v1-generations.s3.us-east-1.amazonaws.com/images/7a7b7874-f95d-4a50-b687-904cfbac75b2.png,512,512,stablediffusionweb.com,0.2743034958839416
536785,972b27a8-694a-4707-88cb-60cdb1b1f5ff,"'A modern, minimalist UI/UX welcome page for a cooperative society app with a serene sunset landscape background, clean typography, interactive elements, and a calming color palette of blues and purples.'",https://image.lexica.art/full_jpg/972b27a8-694a-4707-88cb-60cdb1b1f5ff,512,768,lexica.art,0.2743020057678222
837519,ebfe10e7-5640-4874-83ab-d7307cd15b64,"'Oedipus, in his anger, kills the man, depicted in a dramatic chiaroscuro style with intense lighting, set against a dark, stormy sky, capturing the emotional intensity of the moment.'",https://image.lexica.art/full_jpg/ebfe10e7-5640-4874-83ab-d7307cd15b64,576,512,lexica.art,0.2742998898029327
555514,9c8ac174-6d14-45d4-b92c-8d8d931c8d8f,'a herbal supplement capsule pill surrounded with Cinnamon and herbs in 3d website design mockup e-commerce ayurveda modern hyperrealistic cure magical ui isometric professional looking indian cure',https://image.lexica.art/full_jpg/9c8ac174-6d14-45d4-b92c-8d8d931c8d8f,512,768,lexica.art,0.2742984890937805
732300,ce40a0d6-0cd7-4824-9a39-9c05e17645e1,"'A rich man in a white suit holding a miniature Earth in his hands, set against a cosmic backdrop with distant planets and a vibrant sunset sky.'",https://image.lexica.art/full_jpg/ce40a0d6-0cd7-4824-9a39-9c05e17645e1,512,768,lexica.art,0.2742981314659118
417378,75620c71-0df8-4702-9fe8-927e62a301ff,"'a portrait painting of one male orange humanoid tabby cat with green eyes in male aristocratic robes made of red velvet and golden robes, a meadow background, Rembrandt, Caravaggio, Artemisia Gentileschi, Johannes Vermeer, Peter Paul Rubens, Caspar David Friedrich, Gustave Courbet, Antonio Canova, William-Ad",https://krea-prod-v1-generations.s3.us-east-1.amazonaws.com/images/75620c71-0df8-4702-9fe8-927e62a301ff.png,512,512,stablediffusionweb.com,0.2742981314659118
14186,03f3acf2-7599-4caa-ae4e-edcd9249beca,"'dream the country egypt, digital, concept art, Ilya Kuvshinov, Kyoto animation, last exile, blue submarine no. 6, katsura masakazu, tsutomu nihei, gustav klimt, loish, murata range, kawaii, studio lighting, manga, bright colors, anime, beautiful",https://krea-prod-v1-generations.s3.us-east-1.amazonaws.com/images/03f3acf2-7599-4caa-ae4e-edcd9249beca.png,704,512,stablediffusionweb.com,0.274297833442688
771851,d96e221e-cfa1-4c9e-bc88-dc2d0360d513,"'Kratos, painting, expressionism, amazing composition, vaporwave, david hockney, gertrude abercrombie, minimalistic graffiti masterpiece, minimalism, 3d abstract render overlayed, black background, psychedelic therapy, trending on artstation, ink splatters, pen lines, incredible detail, creative, positive energy, happy, unique",https://image.lexica.art/full_jpg/d96e221e-cfa1-4c9e-bc88-dc2d0360d513,512,768,lexica.art,0.2742967009544372
373551,691595ed-3c2d-47b1-9697-f26e8d4eac6c,"'A lone figure stands on an empty road with mountains in the background. The sky is dark and moody, with a warm glow from the setting sun. The text ""NEVER GIVE UP"" is prominently displayed above the figure, with ""GVNN"" below it. The scene has a cinematic feel, with a strong contrast between light and shadow.'",https://image.lexica.art/full_jpg/691595ed-3c2d-47b1-9697-f26e8d4eac6c,512,768,lexica.art,0.2742965221405029
842543,ed5e6ecf-4a7d-483b-a40b-1110804aab46,"'a huge repetitive flock of many intricate sculptural whirling elegant french horn tuba clouds filigreed twisting turning cloud sculptures, art nouveau craggy wooded environment, soothing, crepuscular, award winning art, epic dreamlike fantasy landscape, ultra realistic,'",https://krea-prod-v1-generations.s3.us-east-1.amazonaws.com/images/ed5e6ecf-4a7d-483b-a40b-1110804aab46.png,768,512,stablediffusionweb.com,0.2742952704429626
551749,9b745d10-a74a-43b6-b1c4-e38f70030168,"'highly detailed, Bruegel, 8k, Ernest Fuchs, The Tower of Babel, vibrant, production cinematic character render, ultra high quality Zdzisław Beksiński artwork, Metahumans falling in the vortex sky, horror art, by Beksiński, Szukalski, Giger, Pyromallis, D",https://image.lexica.art/full_jpg/9b745d10-a74a-43b6-b1c4-e38f70030168,512,768,lexica.art,0.2742951512336731
683097,c05bab92-23eb-4490-ab63-ae1490539ca8,"'A stunning black night scenery wallpaper with glowing orange trees reflecting on a calm lake, mountains in the background, and a crescent moon in the sky.'",https://image.lexica.art/full_jpg/c05bab92-23eb-4490-ab63-ae1490539ca8,512,768,lexica.art,0.2742922008037567
299676,54360069-b952-4d05-8ab3-cc6a1f1aee6a,"'Cartoon, Ultra realistic arc_nights fantastically detailed reflecting eyes modern anime style art massive detailed built-in firearms wolfmask cyborg male leather jacket suit,beam sword,missile,shoulder cannon,four arms,vtuber cyberpunk, chibi, character focus, small human, deformed'",https://image.lexica.art/full_jpg/54360069-b952-4d05-8ab3-cc6a1f1aee6a,512,768,lexica.art,0.2742919027805328
215913,3cc28f52-188d-43b0-a625-9849c3a64b70,"'A surreal landscape where Earth and Mars merge, with a vibrant sunset casting warm hues over the desert-like terrain. The planets overlap seamlessly, creating a cosmic bridge between them.'",https://image.lexica.art/full_jpg/3cc28f52-188d-43b0-a625-9849c3a64b70,512,768,lexica.art,0.274291843175888
76945,15ac8f60-1ad6-4f7d-b9c2-1d9286fc98d9,"'a vault in the middle of nowhere with a desert landscape visible through its circular opening, warm sunset lighting, rugged terrain, and a distant mountain peak'",https://image.lexica.art/full_jpg/15ac8f60-1ad6-4f7d-b9c2-1d9286fc98d9,512,768,lexica.art,0.2742915153503418
656347,b8d0c06f-eb72-465d-8857-707d6689edce,"'woman gothic necromancer, Wolfenstein military German WWII officer tight-fitting clothing, grey color, full body shot, d&d, fantasy, intricate, elegant, highly detailed, digital painting, artstation, concept art, matte, sharp focus, illustration, art by artgerm and greg rutkowski and alphonse mucha'",https://image.lexica.art/full_jpg/b8d0c06f-eb72-465d-8857-707d6689edce,512,768,lexica.art,0.274289608001709
237215,42bd09d7-6a61-4f4c-9061-ac161fdc1249,"'older man engineer with yellow helmet plays a very detailed acoustic guitar near campfire, night, atmospheric lighting, intricate volumetric lighting, digital art, highly detailed by gaston bussiere, craig mullins, j. c. leyendecker 8 k'",https://image.lexica.art/full_jpg/42bd09d7-6a61-4f4c-9061-ac161fdc1249,768,512,lexica.art,0.2742884755134582
666021,bb8d2412-59a4-4c46-9741-3c0517bf255d,"'josh peck screaming, motion lines!!!! sparks flying!!! motion blur!! with sparking circuits, studio lighting, by phil hale!!!! goya!!! ayami kojima amano karol bak, greg hildebrandt and mark brooks'",https://krea-prod-v1-generations.s3.us-east-1.amazonaws.com/images/bb8d2412-59a4-4c46-9741-3c0517bf255d.png,512,768,stablediffusionweb.com,0.2742884755134582
461816,81ffb31d-1bcb-4ec6-b8ef-a9ab3acf40ba,"'a majestic elephant with long tusks standing in a desert under a golden sunset, wearing a bandana, with a mastodon band logo on its trunk'",https://image.lexica.art/full_jpg/81ffb31d-1bcb-4ec6-b8ef-a9ab3acf40ba,512,768,lexica.art,0.2742868661880493
340577,5fb445ee-db3e-441c-bf42-1c20cfdd0bbe,"'alien, full body cinematic style digital art render, moody atmospheric lighting, techno horror, dangerous, art by Yoshiyuki Sadamoto and Matt Banning, BATT, directed by Roger Deakins'",https://image.lexica.art/full_jpg/5fb445ee-db3e-441c-bf42-1c20cfdd0bbe,512,768,lexica.art,0.2742862701416015
335101,5e219d06-f50f-4cd7-a1b6-14c6d54d95a8,"'Monkey Biomancer, Scientist, Laboratory Magical, Priest, D&D, artstation, fantasy, magic the gathering artwork, cinematic lighting, centered, symmetrical, highly detailed, digital painting, concept art, smooth, sharp focus, illustration, volumetric lighting, epic Composition, 8k, art by Akihiko Yoshida and Greg Rutkowski and",https://image.lexica.art/full_jpg/5e219d06-f50f-4cd7-a1b6-14c6d54d95a8,512,768,lexica.art,0.274286150932312
590322,a64539e7-d963-43f1-8772-df265f901c7c,"'kenosis, katharsis, kairosis black metal album cover, digital art, dark atmosphere by zdzisław beksinski and alphonse mucha, makoto shinkai raphael lacoste martin deschambault finnian macmanus artstationhq iamag'",https://krea-prod-v1-generations.s3.us-east-1.amazonaws.com/images/a64539e7-d963-43f1-8772-df265f901c7c.png,1280,512,stablediffusionweb.com,0.2742849588394165
699885,c5144d13-42e1-4ff2-bddb-3b84c1143b57,"'an ancient mammoth reader in a prehistoric landscape with rocky cliffs and a distant mountain range, soft morning light, realistic fur texture, detailed tusks, expressive eyes, artistic style reminiscent of classical paintings'",https://image.lexica.art/full_jpg/c5144d13-42e1-4ff2-bddb-3b84c1143b57,512,768,lexica.art,0.2742848396301269
721863,cb4971ff-8fdb-4b53-b264-33bae7b60013,"'A full portrait of WILLIAM SHAKESPEARE, intricate, highly detailed, digital painting, artstation, concept art, smooth, sharp focus, illustration, art by Krenz Cushart and Artem Demura and alphonse mucha'",https://image.lexica.art/full_jpg/cb4971ff-8fdb-4b53-b264-33bae7b60013,512,640,lexica.art,0.2742847204208374
361136,65931d21-8534-4862-9b3d-2cb7d427fe42,"'a man praying with arms raised to twelve numerals built of coal, firewalking, pulling him out of shame, father time forgiving his sins, showing mercy to his short-sightedness, cinematic, highly detailed, by jon mess'",https://krea-prod-v1-generations.s3.us-east-1.amazonaws.com/images/65931d21-8534-4862-9b3d-2cb7d427fe42.png,1024,576,stablediffusionweb.com,0.2742830216884613
597147,a83c1223-b191-47ec-8840-5770629b02e5,'baroque portrait of a male were-rat with the head of a rat. he is very muscular. he is wielding an axe. 4K trending on artstation by peter mohrbacher',https://image.lexica.art/full_jpg/a83c1223-b191-47ec-8840-5770629b02e5,512,768,lexica.art,0.2742829322814941
169324,2f9b4cfc-affa-4c17-b4a1-4f7feae87386,"'a futuristic permaculture right utopia with lush greenery, circular farm plots, solar panels, and a central dome structure, set against a backdrop of mountains and a clear blue sky'",https://image.lexica.art/full_jpg/2f9b4cfc-affa-4c17-b4a1-4f7feae87386,512,768,lexica.art,0.2742817401885986
177974,32124dc0-e647-4b18-86fe-08752f096c75,"'a wallpaper alien scene with a lone figure standing on a rocky landscape, two large planets in the background, one glowing with a fiery orange hue, the other a deep blue, with a purple and pink gradient sky, futuristic and mysterious atmosphere, high contrast lighting, detailed textures, sci-fi style'",https://image.lexica.art/full_jpg/32124dc0-e647-4b18-86fe-08752f096c75,512,768,lexica.art,0.2742816805839538
518481,91ffafc9-63a8-40e8-b218-7e0477665f09,"'colour film 35mm 1976, pulp sci fi, directed by Fred M. Wilcox, shot on Mitchell BNC Camera, Selah Sue, blonde women on a chair with glass dome over her head, analogue photograph, by Stanley Kubrick, colour lights out of focus'",https://image.lexica.art/full_jpg/91ffafc9-63a8-40e8-b218-7e0477665f09,512,768,lexica.art,0.27428138256073
289213,5143a2e6-38dd-4dd6-a1a6-92273f798a93,"'A homeless-looking man with a long beard and mustache wearing a blue beanie and a brown jacket, standing against a stark white background, rendered in a hyper-realistic style.'",https://image.lexica.art/full_jpg/5143a2e6-38dd-4dd6-a1a6-92273f798a93,512,768,lexica.art,0.2742804288864136
844401,ede4e2d6-1d86-421d-9df2-85d7e920333b,"'a baby wearing a star-shaped hat and a star emblem on their chest, set against a cosmic background with stars and nebulae, vibrant colors, detailed textures, high contrast, dramatic lighting, whimsical and playful mood'",https://image.lexica.art/full_jpg/ede4e2d6-1d86-421d-9df2-85d7e920333b,512,768,lexica.art,0.2742794454097748
906840,ffacbfa1-570c-40db-b9fe-554307ffeee1,"'Valentine's Day card concept featuring heart-shaped cookies with names on them, set against a red background, artistic style reminiscent of vintage illustrations, warm lighting creating a cozy atmosphere, mood of love and nostalgia.'",https://image.lexica.art/full_jpg/ffacbfa1-570c-40db-b9fe-554307ffeee1,512,768,lexica.art,0.2742781639099121
467176,83802890-cee6-407a-b135-be4ba39998c5,"'man lying on a mat in a crowded room in Israel, ultra realistic, intricate, elegant, highly detailed, digital painting, artstation, concept art, smooth, sharp focus, wide angle shot, illustration, art by artgerm and greg rutkowski and alphonse mucha'",https://image.lexica.art/full_jpg/83802890-cee6-407a-b135-be4ba39998c5,768,512,lexica.art,0.2742769718170166
525898,9417d778-11da-4223-9074-223eb899c673,"'A female character with piercing green hair and blue eyes, wearing a white and red dress with floral patterns and puffed sleeves. Her mouth is delicately drawn and her cheeks are slightly rosy. The background is a clear blue sky with a few white clouds floating on the horizon. The portrait is painted in the style of Japanese artist Hayao Miyazaki.'",https://image.lexica.art/full_jpg/9417d778-11da-4223-9074-223eb899c673,512,768,lexica.art,0.2742764353752136
893514,fbe28b34-1bcd-4cb5-9a66-f701558b34ef,"'Banksy street art mural of a giant green ball on a city street, with people observing it, urban setting, vibrant colors, detailed textures, realistic style, dynamic composition'",https://image.lexica.art/full_jpg/fbe28b34-1bcd-4cb5-9a66-f701558b34ef,640,640,lexica.art,0.2742764353752136
881991,f88b14d6-4149-4421-ac4a-78d735b48e46,"'a slice of San Sebastián chocolate cheese cake with a glossy chocolate glaze, a creamy caramel center, and a dollop of whipped cream on top, served on a white plate with a dark chocolate sauce drizzled around it'",https://image.lexica.art/full_jpg/f88b14d6-4149-4421-ac4a-78d735b48e46,512,768,lexica.art,0.2742756903171539
584560,a4a52405-bd7f-4d5a-bd76-10d3d4aa9f6e,"'two African boys standing in a desert landscape, one talking kind words to the other, wearing traditional clothing, warm sunlight casting long shadows, serene and peaceful mood'",https://image.lexica.art/full_jpg/a4a52405-bd7f-4d5a-bd76-10d3d4aa9f6e,768,512,lexica.art,0.2742734551429748
134519,25dfbf07-b109-4f3f-9b20-2f890ec3356f,"'Graphic flyer, with a 2D vectorial illustration in a Japanese style, featuring a black orchid of natural flowers by Android Jones, with quotes by Ernst Haeckel, James Jean, Behance contest winner, generative art, baroque, intricate patterns, fractalism, movie still'",https://image.lexica.art/full_jpg/25dfbf07-b109-4f3f-9b20-2f890ec3356f,768,512,lexica.art,0.2742724418640136
427735,7852d941-b799-4002-8438-c32c1df05548,"'a talleres orozco workshop wallpaper with vibrant orange and blue tones, wooden shelves filled with pottery, framed artwork on the walls, warm lighting, rustic aesthetic, detailed textures, artistic workshop setting'",https://image.lexica.art/full_jpg/7852d941-b799-4002-8438-c32c1df05548,512,768,lexica.art,0.2742706537246704
